userID;technique;density;targetSize;targetNumber;time;nbErrors
0;Normal;30;9;1;1366.3604259490967;0;1
0;Normal;30;9;2;1796.4653968811035;0;1
0;Normal;30;9;3;1631.889820098877;0;1
0;Normal;30;9;4;1697.157859802246;0;1
0;Normal;30;9;5;1719.1643714904785;0;1
0;Normal;30;9;6;1376.1632442474365;0;1
0;Normal;30;9;7;1166.3849353790283;0;1
0;Normal;30;9;8;1210.7350826263428;0;1
0;Normal;30;9;9;1215.6567573547363;0;1
0;Normal;30;9;10;1550.7481098175049;0;1
0;Normal;30;9;11;1031.134843826294;0;1
0;Normal;30;9;12;1593.7132835388184;0;1
0;Normal;30;9;13;1783.5662364959717;0;1
0;Normal;30;9;14;1561.1579418182373;0;1
0;Normal;30;9;15;4078.7265300750732;1;1
0;Normal;30;18;1;1222.9151725769043;0;1
0;Normal;30;18;2;1118.0801391601562;0;1
0;Normal;30;18;3;1270.615577697754;0;1
0;Normal;30;18;4;1065.9644603729248;0;1
0;Normal;30;18;5;959.9208831787109;0;1
0;Normal;30;18;6;1032.397747039795;0;1
0;Normal;30;18;7;890.1426792144775;0;1
0;Normal;30;18;8;1157.1564674377441;0;1
0;Normal;30;18;9;1232.0513725280762;0;1
0;Normal;30;18;10;1104.4063568115234;0;1
0;Normal;30;18;11;991.4219379425049;0;1
0;Normal;30;18;12;1343.7161445617676;0;1
0;Normal;30;18;13;1062.9708766937256;0;1
0;Normal;30;18;14;1539.1056537628174;0;1
0;Normal;30;18;15;1246.6204166412354;0;1
0;Normal;90;9;1;3002.045154571533;0;1
0;Normal;90;9;2;1993.3745861053467;0;1
0;Normal;90;9;3;1894.3307399749756;0;1
0;Normal;90;9;4;1857.5825691223145;0;1
0;Normal;90;9;5;2093.4267044067383;0;1
0;Normal;90;9;6;1962.6562595367432;0;1
0;Normal;90;9;7;1600.7015705108643;0;1
0;Normal;90;9;8;2341.6965007781982;0;1
0;Normal;90;9;9;2226.0828018188477;0;1
0;Normal;90;9;10;1830.1970958709717;0;1
0;Normal;90;9;11;2470.6809520721436;0;1
0;Normal;90;9;12;1347.0032215118408;0;1
0;Normal;90;9;13;3991.990327835083;1;1
0;Normal;90;9;14;2062.023401260376;0;1
0;Normal;90;9;15;1927.919864654541;0;1
0;Normal;90;18;1;1163.5234355926514;0;1
0;Normal;90;18;2;1238.830327987671;0;1
0;Normal;90;18;3;1157.5839519500732;0;1
0;Normal;90;18;4;1179.3162822723389;0;1
0;Normal;90;18;5;1136.186122894287;0;1
0;Normal;90;18;6;1131.5107345581055;0;1
0;Normal;90;18;7;1463.897705078125;0;1
0;Normal;90;18;8;1043.2348251342773;0;1
0;Normal;90;18;9;1035.616397857666;0;1
0;Normal;90;18;10;1407.8965187072754;0;1
0;Normal;90;18;11;2142.062187194824;0;1
0;Normal;90;18;12;1198.317050933838;0;1;1
0;Normal;90;18;13;972.5043773651123;0;1
0;Normal;90;18;14;1150.3403186798096;0;1
0;Normal;90;18;15;1712.2812271118164;0;1
0;Bubble;30;9;1;1458.8589668273926;0;1
0;Bubble;30;9;2;1086.9383811950684;0;1
0;Bubble;30;9;3;840.5966758728027;0;1
0;Bubble;30;9;4;1097.0025062561035;0;1
0;Bubble;30;9;5;667.5329208374023;0;1
0;Bubble;30;9;6;901.1185169219971;0;1
0;Bubble;30;9;7;901.6005992889404;0;1
0;Bubble;30;9;8;769.8931694030762;0;1
0;Bubble;30;9;9;760.4262828826904;0;1
0;Bubble;30;9;10;911.3597869873047;0;1
0;Bubble;30;9;11;800.3413677215576;0;1
0;Bubble;30;9;12;872.1153736114502;0;1
0;Bubble;30;9;13;1879.6899318695068;1;1
0;Bubble;30;9;14;806.9379329681396;0;1
0;Bubble;30;9;15;1255.9430599212646;0;1
0;Bubble;30;18;1;1251.046895980835;0;1
0;Bubble;30;18;2;663.489580154419;0;1
0;Bubble;30;18;3;872.5497722625732;0;1
0;Bubble;30;18;4;735.5055809020996;0;1
0;Bubble;30;18;5;673.8078594207764;0;1
0;Bubble;30;18;6;710.289716720581;0;1
0;Bubble;30;18;7;713.5269641876221;0;1
0;Bubble;30;18;8;1071.683645248413;0;1
0;Bubble;30;18;9;984.7300052642822;0;1
0;Bubble;30;18;10;757.7207088470459;0;1
0;Bubble;30;18;11;776.6628265380859;0;1
0;Bubble;30;18;12;751.9834041595459;0;1
0;Bubble;30;18;13;831.6633701324463;0;1
0;Bubble;30;18;14;969.696044921875;0;1
0;Bubble;30;18;15;767.5755023956299;0;1
0;Bubble;90;9;1;990.7360076904297;0;1;1
0;Bubble;90;9;2;1692.5528049468994;0;1
0;Bubble;90;9;3;734.5428466796875;0;1
0;Bubble;90;9;4;1519.6104049682617;0;1
0;Bubble;90;9;5;1967.8163528442383;0;1
0;Bubble;90;9;6;1312.7171993255615;0;1
0;Bubble;90;9;7;1240.0104999542236;0;1
0;Bubble;90;9;8;1167.7742004394531;0;1
0;Bubble;90;9;9;1255.0723552703857;0;1
0;Bubble;90;9;10;1368.7381744384766;0;1
0;Bubble;90;9;11;1511.9402408599854;0;1
0;Bubble;90;9;12;917.1934127807617;0;1
0;Bubble;90;9;13;1097.7518558502197;0;1
0;Bubble;90;9;14;1337.099313735962;0;1
0;Bubble;90;9;15;2298.9726066589355;0;1
0;Bubble;90;18;1;1081.0410976409912;0;1
0;Bubble;90;18;2;1624.1281032562256;0;1
0;Bubble;90;18;3;1750.1885890960693;0;1
0;Bubble;90;18;4;1002.1486282348633;0;1
0;Bubble;90;18;5;935.9924793243408;0;1
0;Bubble;90;18;6;1091.9740200042725;0;1
0;Bubble;90;18;7;1075.2956867218018;0;1
0;Bubble;90;18;8;1443.420171737671;0;1
0;Bubble;90;18;9;1565.2756690979004;0;1
0;Bubble;90;18;10;1383.6696147918701;0;1
0;Bubble;90;18;11;1126.0828971862793;0;1
0;Bubble;90;18;12;914.3662452697754;0;1
0;Bubble;90;18;13;1375.9708404541016;0;1
0;Bubble;90;18;14;1200.117588043213;0;1
0;Bubble;90;18;15;1101.6123294830322;0;1
0;Rope;30;9;1;1100.1031398773193;0;1
0;Rope;30;9;2;969.1636562347412;0;1
0;Rope;30;9;3;784.0697765350342;0;1
0;Rope;30;9;4;822.699785232544;0;1
0;Rope;30;9;5;743.4031963348389;0;1
0;Rope;30;9;6;810.5854988098145;0;1
0;Rope;30;9;7;757.9004764556885;0;1
0;Rope;30;9;8;776.2541770935059;0;1
0;Rope;30;9;9;674.811601638794;0;1
0;Rope;30;9;10;1046.3674068450928;0;1
0;Rope;30;9;11;656.6925048828125;0;1
0;Rope;30;9;12;818.5100555419922;0;1
0;Rope;30;9;13;1109.5216274261475;0;1
0;Rope;30;9;14;1134.612798690796;0;1
0;Rope;30;9;15;1064.9433135986328;0;1
0;Rope;30;18;1;1140.1662826538086;0;1
0;Rope;30;18;2;711.9228839874268;0;1
0;Rope;30;18;3;840.1682376861572;0;1
0;Rope;30;18;4;862.9636764526367;0;1
0;Rope;30;18;5;885.6170177459717;0;1
0;Rope;30;18;6;643.2163715362549;0;1
0;Rope;30;18;7;671.1647510528564;0;1
0;Rope;30;18;8;783.7154865264893;0;1
0;Rope;30;18;9;864.9475574493408;0;1
0;Rope;30;18;10;718.5335159301758;0;1
0;Rope;30;18;11;752.4242401123047;0;1
0;Rope;30;18;12;753.0784606933594;0;1
0;Rope;30;18;13;864.473819732666;0;1
0;Rope;30;18;14;975.663423538208;0;1
0;Rope;30;18;15;688.0137920379639;0;1
0;Rope;90;9;1;1228.773593902588;0;1
0;Rope;90;9;2;2073.922872543335;0;1
0;Rope;90;9;3;1148.7541198730469;0;1
0;Rope;90;9;4;1137.4852657318115;0;1
0;Rope;90;9;5;1478.9636135101318;0;1
0;Rope;90;9;6;1423.2559204101562;0;1
0;Rope;90;9;7;1137.502908706665;0;1
0;Rope;90;9;8;1090.956211090088;0;1
0;Rope;90;9;9;1219.86722946167;0;1
0;Rope;90;9;10;1497.4989891052246;0;1
0;Rope;90;9;11;1636.967420578003;0;1
0;Rope;90;9;12;825.8152008056641;0;1
0;Rope;90;9;13;1049.0291118621826;0;1
0;Rope;90;9;14;1064.1686916351318;0;1
0;Rope;90;9;15;1807.3041439056396;0;1
0;Rope;90;18;1;1331.9525718688965;0;1
0;Rope;90;18;2;1184.9491596221924;0;1
0;Rope;90;18;3;1269.9034214019775;0;1
0;Rope;90;18;4;778.4833908081055;0;1
0;Rope;90;18;5;1231.8291664123535;0;1
0;Rope;90;18;6;1111.9909286499023;0;1
0;Rope;90;18;7;1374.823808670044;0;1
0;Rope;90;18;8;1262.5608444213867;0;1
0;Rope;90;18;9;786.5073680877686;0;1
0;Rope;90;18;10;871.967077255249;0;1
0;Rope;90;18;11;1107.102870941162;0;1
0;Rope;90;18;12;1124.760627746582;0;1
0;Rope;90;18;13;1417.2310829162598;0;1
0;Rope;90;18;14;1078.8002014160156;0;1
0;Rope;90;18;15;1183.6278438568115;0;1
0;Normal;30;9;1;2785.5775356292725;2;2
0;Normal;30;9;2;1639.4789218902588;0;2
0;Normal;30;9;3;1631.981372833252;0;2
0;Normal;30;9;4;1400.5420207977295;0;2
0;Normal;30;9;5;1392.2138214111328;0;2
0;Normal;30;9;6;1258.1565380096436;0;2
0;Normal;30;9;7;1261.2354755401611;0;2
0;Normal;30;9;8;1424.072265625;0;2
0;Normal;30;9;9;1455.9326171875;0;2
0;Normal;30;9;10;1703.9577960968018;0;2
0;Normal;30;9;11;1568.4425830841064;0;2
0;Normal;30;9;12;1479.6292781829834;0;2
0;Normal;30;9;13;1583.9669704437256;0;2
0;Normal;30;9;14;1713.4568691253662;0;2
0;Normal;30;9;15;1647.8691101074219;0;2
0;Normal;30;18;1;1354.9039363861084;0;2
0;Normal;30;18;2;1072.072982788086;0;2
0;Normal;30;18;3;1041.1171913146973;0;2
0;Normal;30;18;4;1067.384958267212;0;2
0;Normal;30;18;5;1028.4240245819092;0;2
0;Normal;30;18;6;961.0834121704102;0;2
0;Normal;30;18;7;1039.180040359497;0;2
0;Normal;30;18;8;968.2376384735107;0;2
0;Normal;30;18;9;1348.3917713165283;0;2
0;Normal;30;18;10;1146.9392776489258;0;2
0;Normal;30;18;11;888.1986141204834;0;2
0;Normal;30;18;12;1534.9979400634766;0;2
0;Normal;30;18;13;1160.9971523284912;0;2
0;Normal;30;18;14;1166.7163372039795;0;2
0;Normal;30;18;15;1281.1686992645264;0;2
0;Normal;90;9;1;3362.0872497558594;1;2
0;Normal;90;9;2;1770.4625129699707;0;2
0;Normal;90;9;3;1734.407901763916;0;2
0;Normal;90;9;4;2791.6269302368164;0;2
0;Normal;90;9;5;2706.068515777588;0;2
0;Normal;90;9;6;1535.2699756622314;0;2
0;Normal;90;9;7;1806.868076324463;0;2
0;Normal;90;9;8;1505.8975219726562;0;2
0;Normal;90;9;9;1815.772533416748;0;2
0;Normal;90;9;10;1623.9469051361084;0;2
0;Normal;90;9;11;1918.0963039398193;0;2
0;Normal;90;9;12;1426.3925552368164;0;2
0;Normal;90;9;13;1799.5774745941162;0;2
0;Normal;90;9;14;1950.4013061523438;0;2
0;Normal;90;9;15;1992.3882484436035;0;2
0;Normal;90;18;1;1267.2114372253418;0;2
0;Normal;90;18;2;1553.9696216583252;0;2
0;Normal;90;18;3;1180.5639266967773;0;2
0;Normal;90;18;4;1570.6145763397217;0;2
0;Normal;90;18;5;1412.9011631011963;0;2
0;Normal;90;18;6;1408.0204963684082;0;2
0;Normal;90;18;7;1088.1531238555908;0;2
0;Normal;90;18;8;1225.7213592529297;0;2
0;Normal;90;18;9;1366.4202690124512;0;2
0;Normal;90;18;10;986.3765239715576;0;2
0;Normal;90;18;11;1142.9557800292969;0;2
0;Normal;90;18;12;1913.1016731262207;0;2
0;Normal;90;18;13;1302.8814792633057;0;2
0;Normal;90;18;14;1504.0388107299805;0;2
0;Normal;90;18;15;1656.6712856292725;0;2
0;Bubble;30;9;1;1801.8152713775635;0;2
0;Bubble;30;9;2;964.1602039337158;0;2
0;Bubble;30;9;3;957.0317268371582;0;2
0;Bubble;30;9;4;832.5278759002686;0;2
0;Bubble;30;9;5;695.1010227203369;0;2
0;Bubble;30;9;6;643.4066295623779;0;2
0;Bubble;30;9;7;669.095516204834;0;2
0;Bubble;30;9;8;726.4230251312256;0;2
0;Bubble;30;9;9;720.5343246459961;0;2
0;Bubble;30;9;10;1048.6042499542236;0;2
0;Bubble;30;9;11;760.9908580780029;0;2
0;Bubble;30;9;12;1095.418930053711;0;2
0;Bubble;30;9;13;1078.7267684936523;0;2
0;Bubble;30;9;14;792.776346206665;0;2
0;Bubble;30;9;15;1304.1372299194336;0;2
0;Bubble;30;18;1;1185.666799545288;0;2
0;Bubble;30;18;2;731.8930625915527;0;2
0;Bubble;30;18;3;742.7234649658203;0;2
0;Bubble;30;18;4;678.3266067504883;0;2
0;Bubble;30;18;5;713.3874893188477;0;2
0;Bubble;30;18;6;654.0894508361816;0;2
0;Bubble;30;18;7;625.3273487091064;0;2
0;Bubble;30;18;8;817.1586990356445;0;2
0;Bubble;30;18;9;862.1091842651367;0;2
0;Bubble;30;18;10;736.8714809417725;0;2
0;Bubble;30;18;11;670.2961921691895;0;2
0;Bubble;30;18;12;748.3265399932861;0;2
0;Bubble;30;18;13;710.00075340271;0;2
0;Bubble;30;18;14;839.5302295684814;0;2
0;Bubble;30;18;15;695.2993869781494;0;2
0;Bubble;90;9;1;1380.5828094482422;0;2
0;Bubble;90;9;2;1437.7055168151855;0;2
0;Bubble;90;9;3;907.214879989624;0;2
0;Bubble;90;9;4;1526.1592864990234;0;2
0;Bubble;90;9;5;1317.4128532409668;0;2
0;Bubble;90;9;6;1589.8706912994385;0;2
0;Bubble;90;9;7;1302.6070594787598;0;2
0;Bubble;90;9;8;1239.4237518310547;0;2
0;Bubble;90;9;9;1425.2123832702637;0;2
0;Bubble;90;9;10;1527.8289318084717;0;2
0;Bubble;90;9;11;1239.5293712615967;0;2
0;Bubble;90;9;12;1139.244556427002;0;2
0;Bubble;90;9;13;1208.117961883545;0;2
0;Bubble;90;9;14;1474.156141281128;0;2
0;Bubble;90;9;15;1602.5736331939697;0;2
0;Bubble;90;18;1;1012.6771926879883;0;2
0;Bubble;90;18;2;1367.243766784668;0;2
0;Bubble;90;18;3;1422.705888748169;0;2
0;Bubble;90;18;4;775.2559185028076;0;2
0;Bubble;90;18;5;882.3831081390381;0;2
0;Bubble;90;18;6;1223.466396331787;0;2
0;Bubble;90;18;7;1296.093463897705;0;2
0;Bubble;90;18;8;1154.966115951538;0;2
0;Bubble;90;18;9;1133.6390972137451;0;2
0;Bubble;90;18;10;1295.393943786621;0;2
0;Bubble;90;18;11;1448.1799602508545;0;2
0;Bubble;90;18;12;1039.2224788665771;0;2
0;Bubble;90;18;13;1480.7946681976318;0;2
0;Bubble;90;18;14;1190.7391548156738;0;2
0;Bubble;90;18;15;1193.2687759399414;0;2
0;Rope;30;9;1;1530.0369262695312;0;2
0;Rope;30;9;2;792.0112609863281;0;2
0;Rope;30;9;3;703.7129402160645;0;2
0;Rope;30;9;4;785.5448722839355;0;2
0;Rope;30;9;5;627.0103454589844;0;2
0;Rope;30;9;6;749.2506504058838;0;2
0;Rope;30;9;7;605.668306350708;0;2
0;Rope;30;9;8;769.5491313934326;0;2
0;Rope;30;9;9;848.3948707580566;0;2
0;Rope;30;9;10;1024.3198871612549;0;2
0;Rope;30;9;11;678.7509918212891;0;2
0;Rope;30;9;12;952.9774188995361;0;2
0;Rope;30;9;13;1208.639144897461;0;2
0;Rope;30;9;14;999.7749328613281;0;2
0;Rope;30;9;15;964.1251564025879;0;2
0;Rope;30;18;1;1294.8882579803467;0;2
0;Rope;30;18;2;617.5224781036377;0;2
0;Rope;30;18;3;775.7501602172852;0;2
0;Rope;30;18;4;790.4493808746338;0;2
0;Rope;30;18;5;608.3791255950928;0;2
0;Rope;30;18;6;760.1726055145264;0;2
0;Rope;30;18;7;585.2599143981934;0;2
0;Rope;30;18;8;880.103349685669;0;2
0;Rope;30;18;9;806.0421943664551;0;2
0;Rope;30;18;10;697.460412979126;0;2
0;Rope;30;18;11;670.8359718322754;0;2
0;Rope;30;18;12;897.1457481384277;0;2
0;Rope;30;18;13;647.7687358856201;0;2
0;Rope;30;18;14;904.4227600097656;0;2
0;Rope;30;18;15;702.8214931488037;0;2
0;Rope;90;9;1;1172.1689701080322;0;2
0;Rope;90;9;2;1309.6814155578613;0;2
0;Rope;90;9;3;800.8947372436523;0;2
0;Rope;90;9;4;888.9472484588623;0;2
0;Rope;90;9;5;1472.717046737671;0;2
0;Rope;90;9;6;1126.0998249053955;0;2
0;Rope;90;9;7;1548.110008239746;0;2
0;Rope;90;9;8;1269.3474292755127;0;2
0;Rope;90;9;9;1246.8788623809814;0;2
0;Rope;90;9;10;959.81764793396;0;2
0;Rope;90;9;11;1888.9110088348389;0;2
0;Rope;90;9;12;968.3711528778076;0;2
0;Rope;90;9;13;1056.173324584961;0;2
0;Rope;90;9;14;1326.1795043945312;0;2
0;Rope;90;9;15;1401.153564453125;0;2
0;Rope;90;18;1;991.2228584289551;0;2
0;Rope;90;18;2;880.3365230560303;0;2
0;Rope;90;18;3;893.0795192718506;0;2
0;Rope;90;18;4;1071.786880493164;0;2
0;Rope;90;18;5;2487.5385761260986;1;2
0;Rope;90;18;6;1184.8480701446533;0;2
0;Rope;90;18;7;1293.9698696136475;0;2
0;Rope;90;18;8;1153.0866622924805;0;2
0;Rope;90;18;9;976.081371307373;0;2
0;Rope;90;18;10;815.7675266265869;0;2
0;Rope;90;18;11;1454.491376876831;0;2
0;Rope;90;18;12;1188.8697147369385;0;2
0;Rope;90;18;13;1228.4533977508545;0;2
0;Rope;90;18;14;1792.7196025848389;1;2
0;Rope;90;18;15;1485.2447509765625;0;2
1;Normal;30;9;1;2149.972438812256;0;1
1;Normal;30;9;2;2071.916103363037;1;1
1;Normal;30;9;3;1415.9486293792725;0;1
1;Normal;30;9;4;2135.920286178589;1;1
1;Normal;30;9;5;1960.1309299468994;1;1
1;Normal;30;9;6;2095.9622859954834;1;1
1;Normal;30;9;7;1591.566562652588;0;1
1;Normal;30;9;8;1568.4254169464111;1;1
1;Normal;30;9;9;1271.4803218841553;0;1
1;Normal;30;9;10;4575.814962387085;2;1
1;Normal;30;9;11;2056.7922592163086;1;1
1;Normal;30;9;12;2584.0096473693848;1;1
1;Normal;30;9;13;2447.9269981384277;1;1
1;Normal;30;9;14;2152.146577835083;0;1
1;Normal;30;9;15;2399.9569416046143;1;1
1;Normal;30;18;1;1633.7463855743408;0;1
1;Normal;30;18;2;1247.995376586914;0;1
1;Normal;30;18;3;1111.89866065979;0;1
1;Normal;30;18;4;1168.0853366851807;0;1
1;Normal;30;18;5;1080.049753189087;0;1
1;Normal;30;18;6;1303.9491176605225;0;1
1;Normal;30;18;7;831.2258720397949;0;1
1;Normal;30;18;8;1224.7891426086426;0;1
1;Normal;30;18;9;1151.6914367675781;0;1
1;Normal;30;18;10;919.7502136230469;0;1
1;Normal;30;18;11;896.5451717376709;0;1
1;Normal;30;18;12;1431.9603443145752;0;1
1;Normal;30;18;13;1120.0134754180908;0;1
1;Normal;30;18;14;1287.9712581634521;0;1
1;Normal;30;18;15;1112.0672225952148;0;1
1;Normal;90;9;1;2178.272485733032;0;1
1;Normal;90;9;2;2872.1470832824707;0;1
1;Normal;90;9;3;1720.0260162353516;0;1
1;Normal;90;9;4;1719.8896408081055;0;1
1;Normal;90;9;5;1784.109115600586;0;1
1;Normal;90;9;6;2568.007707595825;1;1
1;Normal;90;9;7;2056.042432785034;0;1
1;Normal;90;9;8;1903.9769172668457;0;1
1;Normal;90;9;9;2607.9702377319336;1;1
1;Normal;90;9;10;1679.9712181091309;0;1
1;Normal;90;9;11;2152.121067047119;0;1
1;Normal;90;9;12;1536.0119342803955;1;1
1;Normal;90;9;13;1728.0528545379639;0;1
1;Normal;90;9;14;1439.9640560150146;1;1
1;Normal;90;9;15;1672.0726490020752;0;1
1;Normal;90;18;1;1320.9764957427979;0;1
1;Normal;90;18;2;1120.253562927246;1;1
1;Normal;90;18;3;1056.0839176177979;0;1
1;Normal;90;18;4;1240.0171756744385;0;1
1;Normal;90;18;5;1279.96826171875;0;1
1;Normal;90;18;6;1000.0741481781006;0;1
1;Normal;90;18;7;1375.9324550628662;0;1
1;Normal;90;18;8;744.0807819366455;0;1
1;Normal;90;18;9;1016.1275863647461;0;1
1;Normal;90;18;10;1183.6934089660645;0;1
1;Normal;90;18;11;784.1634750366211;0;1
1;Normal;90;18;12;871.868371963501;0;1
1;Normal;90;18;13;1240.1247024536133;0;1
1;Normal;90;18;14;1071.9482898712158;0;1
1;Normal;90;18;15;1176.0413646697998;0;1
1;Bubble;30;9;1;1571.321725845337;0;1
1;Bubble;30;9;2;1559.861421585083;0;1
1;Bubble;30;9;3;608.1833839416504;0;1
1;Bubble;30;9;4;631.8857669830322;0;1
1;Bubble;30;9;5;624.04465675354;0;1
1;Bubble;30;9;6;535.9857082366943;0;1
1;Bubble;30;9;7;704.0157318115234;0;1
1;Bubble;30;9;8;920.0975894927979;0;1
1;Bubble;30;9;9;591.8920040130615;0;1
1;Bubble;30;9;10;1144.1538333892822;0;1
1;Bubble;30;9;11;519.8426246643066;0;1
1;Bubble;30;9;12;735.9123229980469;0;1
1;Bubble;30;9;13;992.152214050293;1;1
1;Bubble;30;9;14;887.9251480102539;0;1
1;Bubble;30;9;15;1096.0497856140137;0;1
1;Bubble;30;18;1;1156.3169956207275;0;1
1;Bubble;30;18;2;648.021936416626;0;1
1;Bubble;30;18;3;856.0123443603516;0;1
1;Bubble;30;18;4;591.928243637085;0;1
1;Bubble;30;18;5;519.953727722168;0;1
1;Bubble;30;18;6;504.1179656982422;0;1
1;Bubble;30;18;7;464.0355110168457;0;1
1;Bubble;30;18;8;719.9456691741943;0;1
1;Bubble;30;18;9;807.9128265380859;0;1
1;Bubble;30;18;10;512.1381282806396;0;1
1;Bubble;30;18;11;464.0190601348877;0;1
1;Bubble;30;18;12;640.0315761566162;0;1
1;Bubble;30;18;13;688.1041526794434;0;1
1;Bubble;30;18;14;791.8615341186523;0;1
1;Bubble;30;18;15;671.9698905944824;0;1
1;Bubble;90;9;1;1052.2828102111816;0;1
1;Bubble;90;9;2;1407.4828624725342;0;1
1;Bubble;90;9;3;888.2873058319092;0;1
1;Bubble;90;9;4;1232.1326732635498;0;1
1;Bubble;90;9;5;1536.0379219055176;0;1
1;Bubble;90;9;6;1712.0428085327148;0;1
1;Bubble;90;9;7;1616.1363124847412;0;1
1;Bubble;90;9;8;999.891996383667;0;1
1;Bubble;90;9;9;1168.0350303649902;0;1
1;Bubble;90;9;10;1399.9042510986328;0;1
1;Bubble;90;9;11;1712.0587825775146;0;1
1;Bubble;90;9;12;648.0274200439453;0;1
1;Bubble;90;9;13;807.8980445861816;0;1
1;Bubble;90;9;14;1487.9581928253174;0;1
1;Bubble;90;9;15;1728.182077407837;0;1
1;Bubble;90;18;1;739.6159172058105;0;1
1;Bubble;90;18;2;847.98264503479;0;1
1;Bubble;90;18;3;1063.9004707336426;0;1
1;Bubble;90;18;4;720.160961151123;0;1
1;Bubble;90;18;5;943.9771175384521;0;1
1;Bubble;90;18;6;744.0431118011475;0;1
1;Bubble;90;18;7;1016.0341262817383;0;1
1;Bubble;90;18;8;1272.1269130706787;0;1
1;Bubble;90;18;9;575.8659839630127;0;1
1;Bubble;90;18;10;952.0294666290283;0;1
1;Bubble;90;18;11;839.2224311828613;0;1
1;Bubble;90;18;12;1000.0970363616943;0;1
1;Bubble;90;18;13;759.918212890625;0;1
1;Bubble;90;18;14;1008.0316066741943;0;1
1;Bubble;90;18;15;1008.7680816650391;0;1
1;Rope;30;9;1;1067.32177734375;0;1
1;Rope;30;9;2;736.5610599517822;0;1
1;Rope;30;9;3;928.0135631561279;0;1
1;Rope;30;9;4;672.1127033233643;0;1
1;Rope;30;9;5;623.7456798553467;0;1
1;Rope;30;9;6;488.11817169189453;0;1
1;Rope;30;9;7;551.870584487915;0;1
1;Rope;30;9;8;816.1001205444336;1;1
1;Rope;30;9;9;496.021032333374;0;1
1;Rope;30;9;10;1127.9799938201904;0;1
1;Rope;30;9;11;512.0141506195068;0;1
1;Rope;30;9;12;607.7666282653809;0;1
1;Rope;30;9;13;696.2676048278809;0;1
1;Rope;30;9;14;679.9604892730713;0;1
1;Rope;30;9;15;607.9485416412354;0;1
1;Rope;30;18;1;819.5788860321045;0;1
1;Rope;30;18;2;480.1504611968994;0;1
1;Rope;30;18;3;743.870735168457;0;1
1;Rope;30;18;4;528.0988216400146;0;1
1;Rope;30;18;5;559.9265098571777;0;1
1;Rope;30;18;6;567.9690837860107;0;1
1;Rope;30;18;7;575.9642124176025;0;1
1;Rope;30;18;8;672.0860004425049;0;1
1;Rope;30;18;9;1263.9687061309814;1;1
1;Rope;30;18;10;415.9560203552246;0;1
1;Rope;30;18;11;415.90261459350586;0;1
1;Rope;30;18;12;544.0611839294434;0;1
1;Rope;30;18;13;520.0955867767334;0;1
1;Rope;30;18;14;2015.9454345703125;2;1
1;Rope;30;18;15;544.0356731414795;0;1
1;Rope;90;9;1;1091.536521911621;0;1
1;Rope;90;9;2;1768.0366039276123;0;1
1;Rope;90;9;3;1175.8627891540527;0;1
1;Rope;90;9;4;1488.1317615509033;0;1
1;Rope;90;9;5;1008.0130100250244;0;1
1;Rope;90;9;6;1583.2273960113525;0;1
1;Rope;90;9;7;1328.7551403045654;0;1
1;Rope;90;9;8;1719.9254035949707;0;1
1;Rope;90;9;9;1072.1063613891602;0;1
1;Rope;90;9;10;1056.0226440429688;0;1
1;Rope;90;9;11;1079.9298286437988;0;1
1;Rope;90;9;12;639.9545669555664;0;1
1;Rope;90;9;13;1592.160940170288;0;1
1;Rope;90;9;14;943.9857006072998;0;1
1;Rope;90;9;15;1024.0185260772705;0;1
1;Rope;90;18;1;844.0184593200684;0;1
1;Rope;90;18;2;824.1658210754395;0;1
1;Rope;90;18;3;791.9468879699707;0;1
1;Rope;90;18;4;639.7597789764404;0;1
1;Rope;90;18;5;920.3319549560547;0;1
1;Rope;90;18;6;847.9983806610107;0;1
1;Rope;90;18;7;783.8714122772217;0;1
1;Rope;90;18;8;495.84507942199707;0;1
1;Rope;90;18;9;520.3046798706055;0;1
1;Rope;90;18;10;879.9612522125244;0;1
1;Rope;90;18;11;760.0297927856445;0;1
1;Rope;90;18;12;839.1516208648682;0;1
1;Rope;90;18;13;960.7141017913818;0;1
1;Rope;90;18;14;912.1501445770264;0;1
1;Rope;90;18;15;1079.9996852874756;0;1
1;Normal;30;9;1;2939.9893283843994;0;2
1;Normal;30;9;2;2936.1226558685303;1;2
1;Normal;30;9;3;1240.0310039520264;0;2
1;Normal;30;9;4;1433.138370513916;0;2
1;Normal;30;9;5;1782.7386856079102;1;2
1;Normal;30;9;6;1592.1165943145752;1;2
1;Normal;30;9;7;1592.0178890228271;1;2
1;Normal;30;9;8;839.9207592010498;0;2
1;Normal;30;9;9;1456.009864807129;0;2
1;Normal;30;9;10;2400.1355171203613;1;2
1;Normal;30;9;11;1663.9277935028076;2;2
1;Normal;30;9;12;2303.992986679077;0;2
1;Normal;30;9;13;1568.1071281433105;0;2
1;Normal;30;9;14;2103.7795543670654;0;2
1;Normal;30;9;15;3696.1047649383545;3;2
1;Normal;30;18;1;1324.3565559387207;0;2
1;Normal;30;18;2;1208.0192565917969;0;2
1;Normal;30;18;3;1151.9691944122314;0;2
1;Normal;30;18;4;1231.9526672363281;0;2
1;Normal;30;18;5;712.0048999786377;0;2
1;Normal;30;18;6;775.601863861084;0;2
1;Normal;30;18;7;904.2983055114746;0;2
1;Normal;30;18;8;1136.1794471740723;0;2
1;Normal;30;18;9;1153.1875133514404;0;2
1;Normal;30;18;10;950.7064819335938;0;2
1;Normal;30;18;11;1185.4248046875;0;2
1;Normal;30;18;12;1142.7853107452393;0;2
1;Normal;30;18;13;847.9490280151367;0;2
1;Normal;30;18;14;951.8961906433105;0;2
1;Normal;30;18;15;1048.0871200561523;0;2
1;Normal;90;9;1;1651.8502235412598;1;2
1;Normal;90;9;2;2304.0387630462646;0;2
1;Normal;90;9;3;1160.043716430664;0;2
1;Normal;90;9;4;2519.9456214904785;1;2
1;Normal;90;9;5;1992.1131134033203;1;2
1;Normal;90;9;6;2959.886074066162;3;2
1;Normal;90;9;7;1719.8877334594727;0;2
1;Normal;90;9;8;2544.1558361053467;2;2
1;Normal;90;9;9;1360.0249290466309;0;2
1;Normal;90;9;10;2879.946231842041;2;2
1;Normal;90;9;11;1888.0150318145752;2;2
1;Normal;90;9;12;1352.0474433898926;0;2
1;Normal;90;9;13;2016.0152912139893;1;2
1;Normal;90;9;14;4063.964605331421;5;2
1;Normal;90;9;15;2368.1459426879883;1;2
1;Normal;90;18;1;1674.177885055542;0;2
1;Normal;90;18;2;944.0186023712158;0;2
1;Normal;90;18;3;1104.0878295898438;0;2
1;Normal;90;18;4;783.8931083679199;0;2
1;Normal;90;18;5;903.9936065673828;0;2
1;Normal;90;18;6;944.0593719482422;0;2
1;Normal;90;18;7;1127.9566287994385;0;2
1;Normal;90;18;8;1056.0665130615234;0;2
1;Normal;90;18;9;1055.8841228485107;0;2
1;Normal;90;18;10;944.129228591919;0;2
1;Normal;90;18;11;1111.7229461669922;0;2
1;Normal;90;18;12;1032.2251319885254;0;2
1;Normal;90;18;13;1023.3855247497559;0;2
1;Normal;90;18;14;1280.68208694458;0;2
1;Normal;90;18;15;1967.79203414917;0;2
1;Bubble;30;9;1;1260.1337432861328;0;2
1;Bubble;30;9;2;839.9763107299805;0;2
1;Bubble;30;9;3;959.9874019622803;0;2
1;Bubble;30;9;4;776.1218547821045;0;2
1;Bubble;30;9;5;743.7407970428467;0;2
1;Bubble;30;9;6;528.0346870422363;0;2
1;Bubble;30;9;7;496.16336822509766;0;2
1;Bubble;30;9;8;1112.0071411132812;0;2
1;Bubble;30;9;9;519.8357105255127;0;2
1;Bubble;30;9;10;1072.1104145050049;0;2
1;Bubble;30;9;11;711.8020057678223;0;2
1;Bubble;30;9;12;1207.9699039459229;0;2
1;Bubble;30;9;13;752.202033996582;0;2
1;Bubble;30;9;14;760.0147724151611;0;2
1;Bubble;30;9;15;1000.046968460083;0;2
1;Bubble;30;18;1;899.9884128570557;0;2
1;Bubble;30;18;2;695.9576606750488;0;2
1;Bubble;30;18;3;519.9809074401855;0;2
1;Bubble;30;18;4;640.0868892669678;0;2
1;Bubble;30;18;5;584.0318202972412;0;2
1;Bubble;30;18;6;487.3340129852295;0;2
1;Bubble;30;18;7;464.59460258483887;0;2
1;Bubble;30;18;8;615.2338981628418;0;2
1;Bubble;30;18;9;592.8084850311279;0;2
1;Bubble;30;18;10;615.997314453125;0;2
1;Bubble;30;18;11;815.8814907073975;0;2
1;Bubble;30;18;12;615.9627437591553;0;2
1;Bubble;30;18;13;664.1201972961426;0;2
1;Bubble;30;18;14;1151.9782543182373;0;2
1;Bubble;30;18;15;696.0091590881348;0;2
1;Bubble;90;9;1;1730.4847240447998;0;2
1;Bubble;90;9;2;2336.002826690674;1;2
1;Bubble;90;9;3;879.9588680267334;0;2
1;Bubble;90;9;4;2127.9571056365967;0;2
1;Bubble;90;9;5;1719.9456691741943;0;2
1;Bubble;90;9;6;1112.1885776519775;0;2
1;Bubble;90;9;7;2391.98899269104;0;2
1;Bubble;90;9;8;1183.9630603790283;0;2
1;Bubble;90;9;9;1208.3196640014648;0;2
1;Bubble;90;9;10;855.6005954742432;0;2
1;Bubble;90;9;11;1880.1498413085938;0;2
1;Bubble;90;9;12;599.9243259429932;0;2
1;Bubble;90;9;13;1232.0423126220703;0;2
1;Bubble;90;9;14;911.9796752929688;0;2
1;Bubble;90;9;15;1079.2999267578125;0;2
1;Bubble;90;18;1;758.4540843963623;0;2
1;Bubble;90;18;2;896.2161540985107;0;2
1;Bubble;90;18;3;743.9789772033691;0;2
1;Bubble;90;18;4;639.8463249206543;0;2
1;Bubble;90;18;5;880.1295757293701;0;2
1;Bubble;90;18;6;695.9209442138672;0;2
1;Bubble;90;18;7;927.9463291168213;0;2
1;Bubble;90;18;8;599.7822284698486;0;2
1;Bubble;90;18;9;600.1019477844238;0;2
1;Bubble;90;18;10;672.2705364227295;0;2
1;Bubble;90;18;11;656.0065746307373;0;2
1;Bubble;90;18;12;720.0450897216797;0;2
1;Bubble;90;18;13;999.9828338623047;1;2
1;Bubble;90;18;14;841.8409824371338;0;2
1;Bubble;90;18;15;1086.0886573791504;0;2
1;Rope;30;9;1;1852.2868156433105;0;2
1;Rope;30;9;2;751.9123554229736;0;2
1;Rope;30;9;3;792.1316623687744;0;2
1;Rope;30;9;4;671.8406677246094;0;2
1;Rope;30;9;5;840.1219844818115;0;2
1;Rope;30;9;6;543.9260005950928;0;2
1;Rope;30;9;7;487.18762397766113;0;2
1;Rope;30;9;8;464.82014656066895;0;2
1;Rope;30;9;9;448.0164051055908;0;2
1;Rope;30;9;10;896.0206508636475;0;2
1;Rope;30;9;11;487.1339797973633;0;2
1;Rope;30;9;12;520.9002494812012;0;2
1;Rope;30;9;13;775.803804397583;0;2
1;Rope;30;9;14;616.063117980957;0;2
1;Rope;30;9;15;705.3697109222412;0;2
1;Rope;30;18;1;642.5044536590576;0;2
1;Rope;30;18;2;512.087345123291;0;2
1;Rope;30;18;3;599.8649597167969;0;2
1;Rope;30;18;4;623.2993602752686;0;2
1;Rope;30;18;5;528.8543701171875;0;2
1;Rope;30;18;6;576.0481357574463;0;2
1;Rope;30;18;7;503.99231910705566;0;2
1;Rope;30;18;8;767.8093910217285;0;2
1;Rope;30;18;9;552.1399974822998;0;2
1;Rope;30;18;10;440.02580642700195;0;2
1;Rope;30;18;11;736.0024452209473;0;2
1;Rope;30;18;12;967.6861763000488;1;2
1;Rope;30;18;13;528.2976627349854;0;2
1;Rope;30;18;14;1031.893253326416;0;2
1;Rope;30;18;15;464.1423225402832;0;2
1;Rope;90;9;1;1283.9996814727783;0;2
1;Rope;90;9;2;1183.9137077331543;0;2
1;Rope;90;9;3;487.55645751953125;0;2
1;Rope;90;9;4;768.5117721557617;0;2
1;Rope;90;9;5;1263.8189792633057;0;2
1;Rope;90;9;6;1696.0182189941406;0;2
1;Rope;90;9;7;1840.1470184326172;1;2
1;Rope;90;9;8;1104.0124893188477;0;2
1;Rope;90;9;9;927.9649257659912;0;2
1;Rope;90;9;10;855.7870388031006;0;2
1;Rope;90;9;11;1424.2749214172363;0;2
1;Rope;90;9;12;647.7940082550049;0;2
1;Rope;90;9;13;832.1418762207031;0;2
1;Rope;90;9;14;895.850658416748;0;2
1;Rope;90;9;15;2456.148147583008;0;2
1;Rope;90;18;1;740.0963306427002;0;2
1;Rope;90;18;2;1015.9103870391846;0;2
1;Rope;90;18;3;800.116777420044;0;2
1;Rope;90;18;4;576.0214328765869;0;2
1;Rope;90;18;5;831.9172859191895;0;2
1;Rope;90;18;6;672.109842300415;0;2
1;Rope;90;18;7;695.9323883056641;0;2
1;Rope;90;18;8;528.0416011810303;0;2
1;Rope;90;18;9;704.0677070617676;0;2
1;Rope;90;18;10;975.8358001708984;0;2
1;Rope;90;18;11;704.0402889251709;0;2
1;Rope;90;18;12;848.2098579406738;0;2
1;Rope;90;18;13;967.8306579589844;0;2
1;Rope;90;18;14;768.047571182251;0;2
1;Rope;90;18;15;1135.8575820922852;0;2
2;Normal;30;9;1;6348.253488540649;2
2;Normal;30;9;2;6312.1178150177;3
2;Normal;30;9;3;10609.246730804443;3
2;Normal;30;9;4;2046.675682067871;0
2;Normal;30;9;5;2296.2234020233154;2
2;Normal;30;9;6;1263.8270854949951;0
2;Normal;30;9;7;2488.093137741089;1
2;Normal;30;9;8;2616.1270141601562;1
2;Normal;30;9;9;1895.8580493927002;0
2;Normal;30;9;10;2416.0871505737305;0
2;Normal;30;9;11;1847.8615283966064;0
2;Normal;30;9;12;4360.057830810547;1
2;Normal;30;9;13;2112.1630668640137;0
2;Normal;30;9;14;2223.9675521850586;0
2;Normal;30;9;15;2559.9355697631836;0
2;Normal;30;18;1;1473.0260372161865;0
2;Normal;30;18;2;1439.4526481628418;0
2;Normal;30;18;3;1312.4537467956543;0
2;Normal;30;18;4;1336.1356258392334;1
2;Normal;30;18;5;1064.0230178833008;0
2;Normal;30;18;6;1295.4390048980713;0
2;Normal;30;18;7;1207.885503768921;0
2;Normal;30;18;8;1208.6081504821777;0
2;Normal;30;18;9;1343.9216613769531;0
2;Normal;30;18;10;1080.0867080688477;0
2;Normal;30;18;11;888.0343437194824;0
2;Normal;30;18;12;1000.0016689300537;0
2;Normal;30;18;13;1095.9680080413818;0
2;Normal;30;18;14;2887.963056564331;0
2;Normal;30;18;15;1712.0850086212158;0
2;Normal;90;9;1;1680.8342933654785;0
2;Normal;90;9;2;3303.9913177490234;1
2;Normal;90;9;3;3456.09712600708;0
2;Normal;90;9;4;1799.8735904693604;0
2;Normal;90;9;5;2088.1354808807373;0
2;Normal;90;9;6;5375.323295593262;1
2;Normal;90;9;7;2624.7425079345703;0
2;Normal;90;9;8;2983.8578701019287;0
2;Normal;90;9;9;2400.132656097412;0
2;Normal;90;9;10;4624.028444290161;0
2;Normal;90;9;11;4928.059339523315;0
2;Normal;90;9;12;2807.9490661621094;0
2;Normal;90;9;13;2240.044355392456;0
2;Normal;90;9;14;2271.5072631835938;0
2;Normal;90;9;15;3232.499599456787;0
2;Normal;90;18;1;1577.1105289459229;0
2;Normal;90;18;2;1424.109935760498;0
2;Normal;90;18;3;1319.9398517608643;0
2;Normal;90;18;4;1983.9773178100586;1
2;Normal;90;18;5;1199.9711990356445;0
2;Normal;90;18;6;1768.049716949463;0
2;Normal;90;18;7;1647.995948791504;0
2;Normal;90;18;8;1256.0431957244873;0
2;Normal;90;18;9;1247.9643821716309;0
2;Normal;90;18;10;1056.1738014221191;0
2;Normal;90;18;11;1447.8344917297363;0
2;Normal;90;18;12;2064.0366077423096;0
2;Normal;90;18;13;1287.9879474639893;0
2;Normal;90;18;14;1080.0213813781738;0
2;Normal;90;18;15;2056.0479164123535;0
2;Bubble;30;9;1;3017.5416469573975;0
2;Bubble;30;9;2;1415.9903526306152;0
2;Bubble;30;9;3;1784.01517868042;0
2;Bubble;30;9;4;1271.9674110412598;0
2;Bubble;30;9;5;848.0162620544434;0
2;Bubble;30;9;6;807.976484298706;0
2;Bubble;30;9;7;1015.9628391265869;0
2;Bubble;30;9;8;992.0403957366943;0
2;Bubble;30;9;9;759.9589824676514;0
2;Bubble;30;9;10;1672.1601486206055;0
2;Bubble;30;9;11;968.0228233337402;0
2;Bubble;30;9;12;2271.972417831421;0
2;Bubble;30;9;13;2160.05277633667;0
2;Bubble;30;9;14;1215.9337997436523;0
2;Bubble;30;9;15;1904.0374755859375;0
2;Bubble;30;18;1;1338.3691310882568;0
2;Bubble;30;18;2;863.1739616394043;0
2;Bubble;30;18;3;1128.7987232208252;0
2;Bubble;30;18;4;743.7386512756348;0
2;Bubble;30;18;5;680.208683013916;0
2;Bubble;30;18;6;720.0627326965332;0
2;Bubble;30;18;7;647.9611396789551;0
2;Bubble;30;18;8;1975.982904434204;0
2;Bubble;30;18;9;1207.2219848632812;0
2;Bubble;30;18;10;736.858606338501;0
2;Bubble;30;18;11;735.9519004821777;0
2;Bubble;30;18;12;639.9967670440674;0
2;Bubble;30;18;13;744.0493106842041;0
2;Bubble;30;18;14;1759.9709033966064;0
2;Bubble;30;18;15;705.3687572479248;0
2;Bubble;90;9;1;1121.9420433044434;0
2;Bubble;90;9;2;2279.157876968384;0
2;Bubble;90;9;3;1304.7511577606201;0
2;Bubble;90;9;4;1936.0544681549072;0
2;Bubble;90;9;5;2071.962594985962;0
2;Bubble;90;9;6;1608.2653999328613;0
2;Bubble;90;9;7;1495.8536624908447;0
2;Bubble;90;9;8;1255.9130191802979;0
2;Bubble;90;9;9;2024.0552425384521;0
2;Bubble;90;9;10;2872.009754180908;0
2;Bubble;90;9;11;1728.022813796997;0
2;Bubble;90;9;12;1296.231985092163;0
2;Bubble;90;9;13;2487.852096557617;0
2;Bubble;90;9;14;967.8726196289062;0
2;Bubble;90;9;15;1519.968032836914;0
2;Bubble;90;18;1;1792.5505638122559;0
2;Bubble;90;18;2;1936.1674785614014;0
2;Bubble;90;18;3;1944.133996963501;0
2;Bubble;90;18;4;1231.9955825805664;0
2;Bubble;90;18;5;1495.9568977355957;0
2;Bubble;90;18;6;1048.1023788452148;0
2;Bubble;90;18;7;2615.9231662750244;0
2;Bubble;90;18;8;783.9338779449463;0
2;Bubble;90;18;9;928.0188083648682;0
2;Bubble;90;18;10;1151.961326599121;0
2;Bubble;90;18;11;1400.0880718231201;0
2;Bubble;90;18;12;1815.9866333007812;0
2;Bubble;90;18;13;984.0421676635742;0
2;Bubble;90;18;14;1416.0749912261963;0
2;Bubble;90;18;15;1631.840467453003;0
2;Rope;30;9;1;1627.5444030761719;0
2;Rope;30;9;2;2239.97163772583;0
2;Rope;30;9;3;904.0658473968506;0
2;Rope;30;9;4;1016.0188674926758;0
2;Rope;30;9;5;727.8823852539062;0
2;Rope;30;9;6;632.2178840637207;0
2;Rope;30;9;7;759.6902847290039;0
2;Rope;30;9;8;736.2287044525146;0
2;Rope;30;9;9;647.977352142334;0
2;Rope;30;9;10;2103.2400131225586;0
2;Rope;30;9;11;1040.7707691192627;0
2;Rope;30;9;12;1560.1651668548584;0
2;Rope;30;9;13;1351.8784046173096;0
2;Rope;30;9;14;1447.8063583374023;0
2;Rope;30;9;15;1913.1646156311035;0
2;Rope;30;18;1;1267.3044204711914;0
2;Rope;30;18;2;847.8538990020752;0
2;Rope;30;18;3;1136.2640857696533;0
2;Rope;30;18;4;975.8260250091553;0
2;Rope;30;18;5;880.1205158233643;0
2;Rope;30;18;6;727.9620170593262;0
2;Rope;30;18;7;631.9658756256104;0
2;Rope;30;18;8;976.0560989379883;0
2;Rope;30;18;9;799.8781204223633;0
2;Rope;30;18;10;664.1480922698975;0
2;Rope;30;18;11;847.9373455047607;0
2;Rope;30;18;12;672.0736026763916;0
2;Rope;30;18;13;751.7085075378418;0
2;Rope;30;18;14;904.3169021606445;0
2;Rope;30;18;15;943.955659866333;0
2;Rope;90;9;1;1025.8567333221436;0
2;Rope;90;9;2;2016.0801410675049;0
2;Rope;90;9;3;1128.0548572540283;0
2;Rope;90;9;4;2743.886947631836;0
2;Rope;90;9;5;1712.0471000671387;0
2;Rope;90;9;6;2584.0301513671875;0
2;Rope;90;9;7;1311.9359016418457;0
2;Rope;90;9;8;1496.0505962371826;0
2;Rope;90;9;9;1784.0189933776855;0
2;Rope;90;9;10;1232.1231365203857;0
2;Rope;90;9;11;3247.8060722351074;0
2;Rope;90;9;12;1232.01584815979;0
2;Rope;90;9;13;3328.3326625823975;0
2;Rope;90;9;14;967.7648544311523;0
2;Rope;90;9;15;1384.0093612670898;0
2;Rope;90;18;1;1299.0760803222656;0
2;Rope;90;18;2;975.8996963500977;0
2;Rope;90;18;3;968.040943145752;0
2;Rope;90;18;4;1336.0106945037842;0
2;Rope;90;18;5;1279.8490524291992;0
2;Rope;90;18;6;959.9575996398926;0
2;Rope;90;18;7;1880.1474571228027;0
2;Rope;90;18;8;767.9831981658936;0
2;Rope;90;18;9;927.9980659484863;0
2;Rope;90;18;10;1288.0375385284424;0
2;Rope;90;18;11;1191.9751167297363;0
2;Rope;90;18;12;1615.8843040466309;0
2;Rope;90;18;13;1280.0838947296143;0
2;Rope;90;18;14;847.9607105255127;0
2;Rope;90;18;15;1176.1753559112549;0
2;Normal;30;9;1;1700.0596523284912;0
2;Normal;30;9;2;2696.0248947143555;1
2;Normal;30;9;3;2960.0846767425537;0
2;Normal;30;9;4;2464.001178741455;0
2;Normal;30;9;5;1272.0365524291992;0
2;Normal;30;9;6;1327.9712200164795;1
2;Normal;30;9;7;1799.877405166626;0
2;Normal;30;9;8;1776.0674953460693;0
2;Normal;30;9;9;1400.1166820526123;0
2;Normal;30;9;10;1887.9468441009521;0
2;Normal;30;9;11;1776.1046886444092;0
2;Normal;30;9;12;3127.979516983032;1
2;Normal;30;9;13;2727.712631225586;0
2;Normal;30;9;14;3624.3391036987305;3
2;Normal;30;9;15;2272.0515727996826;0
2;Normal;30;18;1;1626.4841556549072;0
2;Normal;30;18;2;1200.122356414795;0
2;Normal;30;18;3;1071.8801021575928;0
2;Normal;30;18;4;983.527421951294;0
2;Normal;30;18;5;864.4888401031494;0
2;Normal;30;18;6;1824.1126537322998;0
2;Normal;30;18;7;4423.8622188568115;1
2;Normal;30;18;8;1184.1328144073486;0
2;Normal;30;18;9;1855.912446975708;1
2;Normal;30;18;10;976.1343002319336;0
2;Normal;30;18;11;1112.112045288086;0
2;Normal;30;18;12;1735.8779907226562;0
2;Normal;30;18;13;1183.915615081787;0
2;Normal;30;18;14;1552.10280418396;0
2;Normal;30;18;15;1135.8904838562012;0
2;Normal;90;9;1;3163.2208824157715;0
2;Normal;90;9;2;4360.277414321899;1
2;Normal;90;9;3;1303.9460182189941;0
2;Normal;90;9;4;2632.1988105773926;0
2;Normal;90;9;5;1751.6701221466064;0
2;Normal;90;9;6;1976.1886596679688;0
2;Normal;90;9;7;3271.768808364868;0
2;Normal;90;9;8;2368.1797981262207;0
2;Normal;90;9;9;2815.9656524658203;0
2;Normal;90;9;10;3640.174388885498;0
2;Normal;90;9;11;2031.9297313690186;0
2;Normal;90;9;12;2007.9641342163086;0
2;Normal;90;9;13;1456.0267925262451;0
2;Normal;90;9;14;3663.950204849243;1
2;Normal;90;9;15;3040.215015411377;0
2;Normal;90;18;1;1081.6385746002197;0
2;Normal;90;18;2;1144.0222263336182;0
2;Normal;90;18;3;1200.0539302825928;0
2;Normal;90;18;4;1943.9072608947754;0
2;Normal;90;18;5;816.0572052001953;0
2;Normal;90;18;6;783.9479446411133;0
2;Normal;90;18;7;1152.0073413848877;0
2;Normal;90;18;8;1200.0007629394531;0
2;Normal;90;18;9;1032.0444107055664;0
2;Normal;90;18;10;863.9860153198242;0
2;Normal;90;18;11;1256.0346126556396;0
2;Normal;90;18;12;1295.9749698638916;0
2;Normal;90;18;13;1600.0146865844727;0
2;Normal;90;18;14;1216.0654067993164;0
2;Normal;90;18;15;1512.0010375976562;0
2;Bubble;30;9;1;1162.6007556915283;0
2;Bubble;30;9;2;1015.9177780151367;0
2;Bubble;30;9;3;1176.1748790740967;0
2;Bubble;30;9;4;1559.9784851074219;0
2;Bubble;30;9;5;1295.9721088409424;0
2;Bubble;30;9;6;744.055986404419;0
2;Bubble;30;9;7;887.9952430725098;0
2;Bubble;30;9;8;767.998456954956;0
2;Bubble;30;9;9;903.7542343139648;0
2;Bubble;30;9;10;1424.2007732391357;0
2;Bubble;30;9;11;1304.0177822113037;0
2;Bubble;30;9;12;1616.0099506378174;0
2;Bubble;30;9;13;1104.0441989898682;0
2;Bubble;30;9;14;959.9437713623047;0
2;Bubble;30;9;15;2080.0747871398926;0
2;Bubble;30;18;1;1073.7240314483643;0
2;Bubble;30;18;2;1112.015724182129;0
2;Bubble;30;18;3;719.9990749359131;0
2;Bubble;30;18;4;880.1717758178711;0
2;Bubble;30;18;5;759.8268985748291;0
2;Bubble;30;18;6;615.9837245941162;0
2;Bubble;30;18;7;584.036111831665;0
2;Bubble;30;18;8;1095.8776473999023;0
2;Bubble;30;18;9;920.0232028961182;0
2;Bubble;30;18;10;784.144401550293;0
2;Bubble;30;18;11;727.898359298706;0
2;Bubble;30;18;12;832.0350646972656;0
2;Bubble;30;18;13;583.9600563049316;0
2;Bubble;30;18;14;1032.0541858673096;0
2;Bubble;30;18;15;927.9522895812988;0
2;Bubble;90;9;1;1313.7924671173096;0
2;Bubble;90;9;2;2136.141300201416;0
2;Bubble;90;9;3;1063.216209411621;0
2;Bubble;90;9;4;1968.698501586914;0
2;Bubble;90;9;5;1951.9479274749756;0
2;Bubble;90;9;6;2264.0533447265625;0
2;Bubble;90;9;7;1768.0749893188477;0
2;Bubble;90;9;8;1144.0401077270508;0
2;Bubble;90;9;9;1487.931251525879;0
2;Bubble;90;9;10;1463.9644622802734;0
2;Bubble;90;9;11;1376.0204315185547;0
2;Bubble;90;9;12;991.9936656951904;0
2;Bubble;90;9;13;1824.1229057312012;0
2;Bubble;90;9;14;855.8683395385742;0
2;Bubble;90;9;15;1391.9832706451416;0
2;Bubble;90;18;1;1068.0427551269531;0
2;Bubble;90;18;2;808.0074787139893;0
2;Bubble;90;18;3;1199.9914646148682;0
2;Bubble;90;18;4;991.9865131378174;0
2;Bubble;90;18;5;928.0104637145996;0
2;Bubble;90;18;6;855.9324741363525;0
2;Bubble;90;18;7;1008.101224899292;0
2;Bubble;90;18;8;880.0280094146729;0
2;Bubble;90;18;9;943.9330101013184;0
2;Bubble;90;18;10;800.1363277435303;0
2;Bubble;90;18;11;1183.9489936828613;0
2;Bubble;90;18;12;1023.8962173461914;0
2;Bubble;90;18;13;888.0314826965332;0
2;Bubble;90;18;14;1040.0331020355225;0
2;Bubble;90;18;15;2095.581531524658;0
2;Rope;30;9;1;1278.275728225708;0
2;Rope;30;9;2;1199.9967098236084;0
2;Rope;30;9;3;791.966438293457;0
2;Rope;30;9;4;984.0312004089355;0
2;Rope;30;9;5;871.9985485076904;0
2;Rope;30;9;6;871.9291687011719;0
2;Rope;30;9;7;720.1199531555176;0
2;Rope;30;9;8;799.9908924102783;0
2;Rope;30;9;9;695.9855556488037;0
2;Rope;30;9;10;1008.0180168151855;0
2;Rope;30;9;11;832.0009708404541;0
2;Rope;30;9;12;1151.855707168579;0
2;Rope;30;9;13;872.1578121185303;0
2;Rope;30;9;14;743.9637184143066;0
2;Rope;30;9;15;1808.0096244812012;0
2;Rope;30;18;1;1034.9037647247314;0
2;Rope;30;18;2;944.6582794189453;0
2;Rope;30;18;3;943.9501762390137;0
2;Rope;30;18;4;848.0145931243896;0
2;Rope;30;18;5;808.0275058746338;0
2;Rope;30;18;6;687.3321533203125;0
2;Rope;30;18;7;792.6146984100342;0
2;Rope;30;18;8;1287.9388332366943;0
2;Rope;30;18;9;776.0772705078125;0
2;Rope;30;18;10;607.9099178314209;0
2;Rope;30;18;11;768.0041790008545;0
2;Rope;30;18;12;672.1022129058838;0
2;Rope;30;18;13;656.0113430023193;0
2;Rope;30;18;14;1040.0481224060059;0
2;Rope;30;18;15;615.9849166870117;0
2;Rope;90;9;1;955.3825855255127;0
2;Rope;90;9;2;2103.2650470733643;0
2;Rope;90;9;3;784.6970558166504;0
2;Rope;90;9;4;1759.979009628296;0
2;Rope;90;9;5;1576.0588645935059;0
2;Rope;90;9;6;1464.0052318572998;0
2;Rope;90;9;7;1320.0054168701172;0
2;Rope;90;9;8;1496.025562286377;0
2;Rope;90;9;9;2128.002882003784;1
2;Rope;90;9;10;2095.550298690796;0
2;Rope;90;9;11;1480.5409908294678;0
2;Rope;90;9;12;895.3945636749268;0
2;Rope;90;9;13;2232.649326324463;0
2;Rope;90;9;14;975.914716720581;0
2;Rope;90;9;15;1479.1958332061768;0
2;Rope;90;18;1;910.9079837799072;0
2;Rope;90;18;2;1082.1163654327393;0
2;Rope;90;18;3;837.9020690917969;0
2;Rope;90;18;4;608.0310344696045;0
2;Rope;90;18;5;663.6340618133545;0
2;Rope;90;18;6;784.1887474060059;0
2;Rope;90;18;7;943.6159133911133;0
2;Rope;90;18;8;1056.5423965454102;1
2;Rope;90;18;9;648.0038166046143;0
2;Rope;90;18;10;903.9075374603271;0
2;Rope;90;18;11;743.9017295837402;0
2;Rope;90;18;12;1256.2003135681152;0
2;Rope;90;18;13;1016.0119533538818;0
2;Rope;90;18;14;1432.1234226226807;0
2;Rope;90;18;15;1471.8689918518066;0
3;Normal;30;9;1;4030.9484004974365;1
3;Normal;30;9;2;2199.838161468506;1
3;Normal;30;9;3;1736.1273765563965;0
3;Normal;30;9;4;2519.9880599975586;0
3;Normal;30;9;5;2520.01953125;0
3;Normal;30;9;6;1191.7400360107422;0
3;Normal;30;9;7;2136.289358139038;0
3;Normal;30;9;8;1511.810302734375;0
3;Normal;30;9;9;1511.9960308074951;0
3;Normal;30;9;10;2744.133472442627;0
3;Normal;30;9;11;2615.9920692443848;0
3;Normal;30;9;12;1840.0683403015137;0
3;Normal;30;9;13;2111.987352371216;0
3;Normal;30;9;14;2335.876703262329;0
3;Normal;30;9;15;2584.129810333252;0
3;Normal;30;18;1;1622.2953796386719;0
3;Normal;30;18;2;1200.021505355835;0
3;Normal;30;18;3;1104.006290435791;0
3;Normal;30;18;4;1279.999017715454;0
3;Normal;30;18;5;935.9376430511475;0
3;Normal;30;18;6;1031.9404602050781;0
3;Normal;30;18;7;840.1188850402832;0
3;Normal;30;18;8;1648.090124130249;0
3;Normal;30;18;9;1199.965238571167;0
3;Normal;30;18;10;879.7755241394043;0
3;Normal;30;18;11;959.9874019622803;0
3;Normal;30;18;12;1528.17964553833;0
3;Normal;30;18;13;1031.83913230896;0
3;Normal;30;18;14;1504.3346881866455;0
3;Normal;30;18;15;903.8727283477783;0
3;Normal;90;9;1;1207.195520401001;0
3;Normal;90;9;2;3240.0474548339844;0
3;Normal;90;9;3;3408.048152923584;1
3;Normal;90;9;4;2951.916217803955;0
3;Normal;90;9;5;2440.061569213867;0
3;Normal;90;9;6;2047.865867614746;0
3;Normal;90;9;7;3023.9527225494385;0
3;Normal;90;9;8;1984.1814041137695;0
3;Normal;90;9;9;2127.880573272705;0
3;Normal;90;9;10;2544.198989868164;0
3;Normal;90;9;11;2839.940071105957;0
3;Normal;90;9;12;1367.8245544433594;0
3;Normal;90;9;13;2320.0135231018066;0
3;Normal;90;9;14;2376.0299682617188;0
3;Normal;90;9;15;2176.1486530303955;0
3;Normal;90;18;1;1943.7682628631592;0
3;Normal;90;18;2;1239.8786544799805;0
3;Normal;90;18;3;1007.9517364501953;0
3;Normal;90;18;4;943.94850730896;0
3;Normal;90;18;5;1056.0939311981201;0
3;Normal;90;18;6;1287.8913879394531;0
3;Normal;90;18;7;1184.002161026001;0
3;Normal;90;18;8;1488.0449771881104;0
3;Normal;90;18;9;1168.0896282196045;0
3;Normal;90;18;10;944.0517425537109;0
3;Normal;90;18;11;1087.8000259399414;0
3;Normal;90;18;12;1015.8438682556152;0
3;Normal;90;18;13;1120.2278137207031;0
3;Normal;90;18;14;1088.0930423736572;0
3;Normal;90;18;15;1719.862461090088;0
3;Bubble;30;9;1;1319.474458694458;0
3;Bubble;30;9;2;1824.1236209869385;0
3;Bubble;30;9;3;863.8637065887451;0
3;Bubble;30;9;4;951.9951343536377;0
3;Bubble;30;9;5;712.0852470397949;0
3;Bubble;30;9;6;656.076192855835;0
3;Bubble;30;9;7;639.965295791626;0
3;Bubble;30;9;8;912.0385646820068;0
3;Bubble;30;9;9;807.67822265625;0
3;Bubble;30;9;10;1392.338752746582;0
3;Bubble;30;9;11;903.8791656494141;0
3;Bubble;30;9;12;864.1493320465088;0
3;Bubble;30;9;13;1183.9244365692139;0
3;Bubble;30;9;14;936.0382556915283;0
3;Bubble;30;9;15;1479.647159576416;0
3;Bubble;30;18;1;1771.1317539215088;0
3;Bubble;30;18;2;1183.896541595459;0
3;Bubble;30;18;3;784.1436862945557;0
3;Bubble;30;18;4;775.8219242095947;0
3;Bubble;30;18;5;824.2034912109375;0
3;Bubble;30;18;6;679.9643039703369;0
3;Bubble;30;18;7;655.8692455291748;0
3;Bubble;30;18;8;1104.146957397461;0
3;Bubble;30;18;9;1303.9045333862305;0
3;Bubble;30;18;10;696.0515975952148;0
3;Bubble;30;18;11;663.9032363891602;0
3;Bubble;30;18;12;856.0922145843506;0
3;Bubble;30;18;13;632.0369243621826;0
3;Bubble;30;18;14;1048.0282306671143;0
3;Bubble;30;18;15;808.067798614502;0
3;Bubble;90;9;1;1087.827205657959;0
3;Bubble;90;9;2;1448.0626583099365;0
3;Bubble;90;9;3;1383.786678314209;0
3;Bubble;90;9;4;1392.188310623169;0
3;Bubble;90;9;5;1823.8754272460938;0
3;Bubble;90;9;6;1655.7974815368652;0
3;Bubble;90;9;7;1592.336893081665;0
3;Bubble;90;9;8;1687.9503726959229;0
3;Bubble;90;9;9;1239.9144172668457;0
3;Bubble;90;9;10;1103.9988994598389;0
3;Bubble;90;9;11;1592.1287536621094;0
3;Bubble;90;9;12;1096.059799194336;0
3;Bubble;90;9;13;2143.801212310791;0
3;Bubble;90;9;14;720.1170921325684;0
3;Bubble;90;9;15;1439.9218559265137;0
3;Bubble;90;18;1;817.3894882202148;0
3;Bubble;90;18;2;1304.1589260101318;0
3;Bubble;90;18;3;1263.9646530151367;0
3;Bubble;90;18;4;1104.0894985198975;0
3;Bubble;90;18;5;935.9500408172607;0
3;Bubble;90;18;6;711.998462677002;0
3;Bubble;90;18;7;1015.90895652771;0
3;Bubble;90;18;8;895.8044052124023;0
3;Bubble;90;18;9;727.5390625;0
3;Bubble;90;18;10;768.5599327087402;0
3;Bubble;90;18;11;784.0280532836914;0
3;Bubble;90;18;12;1016.1314010620117;0
3;Bubble;90;18;13;904.1197299957275;0
3;Bubble;90;18;14;911.7751121520996;0
3;Bubble;90;18;15;1376.1260509490967;0
3;Rope;30;9;1;1713.3705615997314;0
3;Rope;30;9;2;1135.9989643096924;0
3;Rope;30;9;3;735.896110534668;0
3;Rope;30;9;4;1208.1925868988037;0
3;Rope;30;9;5;663.8329029083252;0
3;Rope;30;9;6;840.1706218719482;0
3;Rope;30;9;7;808.0699443817139;0
3;Rope;30;9;8;639.9281024932861;0
3;Rope;30;9;9;672.0173358917236;0
3;Rope;30;9;10;1311.981201171875;0
3;Rope;30;9;11;655.8785438537598;0
3;Rope;30;9;12;1592.1471118927002;0
3;Rope;30;9;13;1247.8392124176025;0
3;Rope;30;9;14;1824.1662979125977;0
3;Rope;30;9;15;1231.8565845489502;0
3;Rope;30;18;1;1146.4955806732178;0
3;Rope;30;18;2;800.037145614624;0
3;Rope;30;18;3;759.9427700042725;0
3;Rope;30;18;4;727.9081344604492;0
3;Rope;30;18;5;680.0198554992676;0
3;Rope;30;18;6;584.0778350830078;0
3;Rope;30;18;7;599.9772548675537;0
3;Rope;30;18;8;751.929521560669;0
3;Rope;30;18;9;943.9990520477295;0
3;Rope;30;18;10;607.9657077789307;0
3;Rope;30;18;11;968.1332111358643;0
3;Rope;30;18;12;791.9104099273682;0
3;Rope;30;18;13;680.1795959472656;0
3;Rope;30;18;14;1191.901683807373;0
3;Rope;30;18;15;712.0075225830078;0
3;Rope;90;9;1;1008.5127353668213;0
3;Rope;90;9;2;936.5341663360596;0
3;Rope;90;9;3;1288.0597114562988;0
3;Rope;90;9;4;1647.8300094604492;0
3;Rope;90;9;5;2664.121150970459;0
3;Rope;90;9;6;2343.860149383545;0
3;Rope;90;9;7;1151.554822921753;0
3;Rope;90;9;8;1072.6032257080078;0
3;Rope;90;9;9;1967.9195880889893;0
3;Rope;90;9;10;1752.2413730621338;0
3;Rope;90;9;11;1951.8756866455078;0
3;Rope;90;9;12;1088.155746459961;0
3;Rope;90;9;13;1255.8376789093018;0
3;Rope;90;9;14;720.1857566833496;0
3;Rope;90;9;15;1303.675889968872;0
3;Rope;90;18;1;1145.742654800415;0
3;Rope;90;18;2;1136.0371112823486;0
3;Rope;90;18;3;808.1622123718262;0
3;Rope;90;18;4;823.7514495849609;0
3;Rope;90;18;5;1120.232105255127;0
3;Rope;90;18;6;791.9483184814453;0
3;Rope;90;18;7;903.8043022155762;0
3;Rope;90;18;8;808.1519603729248;0
3;Rope;90;18;9;624.0410804748535;0
3;Rope;90;18;10;719.4328308105469;0
3;Rope;90;18;11;712.393045425415;0
3;Rope;90;18;12;1016.1323547363281;0
3;Rope;90;18;13;960.0658416748047;0
3;Rope;90;18;14;1119.920015335083;0
3;Rope;90;18;15;1183.2990646362305;0
3;Normal;30;9;1;3034.933567047119;2
3;Normal;30;9;2;1976.053237915039;0
3;Normal;30;9;3;1416.0728454589844;0
3;Normal;30;9;4;2031.9483280181885;0
3;Normal;30;9;5;1632.1282386779785;0
3;Normal;30;9;6;1639.9667263031006;0
3;Normal;30;9;7;1431.889295578003;0
3;Normal;30;9;8;1408.0076217651367;0
3;Normal;30;9;9;1464.0862941741943;0
3;Normal;30;9;10;2359.896183013916;0
3;Normal;30;9;11;2432.115077972412;1
3;Normal;30;9;12;1967.0400619506836;0
3;Normal;30;9;13;1720.8232879638672;0
3;Normal;30;9;14;1792.3212051391602;0
3;Normal;30;9;15;2351.893186569214;0
3;Normal;30;18;1;1119.490623474121;0
3;Normal;30;18;2;1183.699369430542;0
3;Normal;30;18;3;1280.1282405853271;0
3;Normal;30;18;4;952.1694183349609;0
3;Normal;30;18;5;1320.0087547302246;0
3;Normal;30;18;6;1191.9546127319336;0
3;Normal;30;18;7;839.9035930633545;0
3;Normal;30;18;8;1151.855707168579;0
3;Normal;30;18;9;1384.0677738189697;0
3;Normal;30;18;10;1392.1027183532715;0
3;Normal;30;18;11;1095.992088317871;0
3;Normal;30;18;12;1311.9511604309082;0
3;Normal;30;18;13;1064.1369819641113;0
3;Normal;30;18;14;1303.919792175293;0
3;Normal;30;18;15;1048.0046272277832;0
3;Normal;90;9;1;1137.8333568572998;0
3;Normal;90;9;2;3975.654125213623;0
3;Normal;90;9;3;1808.3000183105469;0
3;Normal;90;9;4;1439.8694038391113;0
3;Normal;90;9;5;2303.93385887146;0
3;Normal;90;9;6;2512.131929397583;1
3;Normal;90;9;7;2256.150960922241;0
3;Normal;90;9;8;1576.080083847046;0
3;Normal;90;9;9;2703.8192749023438;1
3;Normal;90;9;10;1616.060733795166;0
3;Normal;90;9;11;2887.941360473633;0
3;Normal;90;9;12;2152.1542072296143;0
3;Normal;90;9;13;2623.948812484741;0
3;Normal;90;9;14;1287.9366874694824;0
3;Normal;90;9;15;1927.9754161834717;0
3;Normal;90;18;1;1097.1765518188477;0
3;Normal;90;18;2;1215.8732414245605;0
3;Normal;90;18;3;1040.0512218475342;0
3;Normal;90;18;4;1240.1249408721924;0
3;Normal;90;18;5;1855.2887439727783;1
3;Normal;90;18;6;1024.5795249938965;0
3;Normal;90;18;7;1543.994665145874;0
3;Normal;90;18;8;1088.0961418151855;0
3;Normal;90;18;9;1111.3405227661133;0
3;Normal;90;18;10;816.6844844818115;0
3;Normal;90;18;11;1399.8589515686035;0
3;Normal;90;18;12;1184.1211318969727;0
3;Normal;90;18;13;1320.0716972351074;0
3;Normal;90;18;14;879.8365592956543;0
3;Normal;90;18;15;1856.0166358947754;0
3;Bubble;30;9;1;1861.9029521942139;0
3;Bubble;30;9;2;871.0498809814453;0
3;Bubble;30;9;3;768.9309120178223;0
3;Bubble;30;9;4;1200.059413909912;0
3;Bubble;30;9;5;664.0415191650391;0
3;Bubble;30;9;6;655.8477878570557;0
3;Bubble;30;9;7;720.0937271118164;0
3;Bubble;30;9;8;719.9878692626953;0
3;Bubble;30;9;9;767.9164409637451;0
3;Bubble;30;9;10;1136.0485553741455;0
3;Bubble;30;9;11;744.072675704956;0
3;Bubble;30;9;12;927.0615577697754;0
3;Bubble;30;9;13;1384.7570419311523;0
3;Bubble;30;9;14;1048.1691360473633;0
3;Bubble;30;9;15;1935.8808994293213;0
3;Bubble;30;18;1;1233.8166236877441;0
3;Bubble;30;18;2;831.9318294525146;0
3;Bubble;30;18;3;880.0077438354492;0
3;Bubble;30;18;4;784.0070724487305;0
3;Bubble;30;18;5;816.0278797149658;0
3;Bubble;30;18;6;967.4041271209717;0
3;Bubble;30;18;7;648.6372947692871;0
3;Bubble;30;18;8;840.1539325714111;0
3;Bubble;30;18;9;959.5131874084473;0
3;Bubble;30;18;10;632.3533058166504;0
3;Bubble;30;18;11;615.9234046936035;0
3;Bubble;30;18;12;896.0113525390625;0
3;Bubble;30;18;13;640.038013458252;0
3;Bubble;30;18;14;1360.0571155548096;0
3;Bubble;30;18;15;751.9290447235107;0
3;Bubble;90;9;1;1081.1171531677246;0
3;Bubble;90;9;2;1383.9778900146484;0
3;Bubble;90;9;3;1448.1956958770752;0
3;Bubble;90;9;4;1935.7202053070068;0
3;Bubble;90;9;5;2056.1604499816895;0
3;Bubble;90;9;6;1575.3555297851562;0
3;Bubble;90;9;7;1104.7852039337158;0
3;Bubble;90;9;8;999.9532699584961;0
3;Bubble;90;9;9;1176.0609149932861;0
3;Bubble;90;9;10;1103.9676666259766;0
3;Bubble;90;9;11;1919.8768138885498;0
3;Bubble;90;9;12;832.017183303833;0
3;Bubble;90;9;13;1248.0435371398926;0
3;Bubble;90;9;14;1031.9223403930664;0
3;Bubble;90;9;15;1248.0602264404297;0
3;Bubble;90;18;1;1262.253761291504;0
3;Bubble;90;18;2;1024.0275859832764;0
3;Bubble;90;18;3;1063.9984607696533;0
3;Bubble;90;18;4;943.9389705657959;0
3;Bubble;90;18;5;1167.8130626678467;0
3;Bubble;90;18;6;1000.3612041473389;0
3;Bubble;90;18;7;1255.96284866333;0
3;Bubble;90;18;8;848.0145931243896;0
3;Bubble;90;18;9;759.1488361358643;0
3;Bubble;90;18;10;1008.568525314331;0
3;Bubble;90;18;11;1095.3779220581055;0
3;Bubble;90;18;12;824.1102695465088;0
3;Bubble;90;18;13;744.6649074554443;0
3;Bubble;90;18;14;1055.8428764343262;0
3;Bubble;90;18;15;1528.3632278442383;0
3;Rope;30;9;1;1290.1573181152344;0
3;Rope;30;9;2;1360.079050064087;0
3;Rope;30;9;3;695.9404945373535;0
3;Rope;30;9;4;944.0634250640869;0
3;Rope;30;9;5;639.8835182189941;0
3;Rope;30;9;6;576.1046409606934;0
3;Rope;30;9;7;679.8858642578125;0
3;Rope;30;9;8;640.0816440582275;0
3;Rope;30;9;9;592.0140743255615;0
3;Rope;30;9;10;1087.9881381988525;0
3;Rope;30;9;11;543.8368320465088;0
3;Rope;30;9;12;1016.1640644073486;0
3;Rope;30;9;13;1024.0747928619385;0
3;Rope;30;9;14;943.864107131958;0
3;Rope;30;9;15;2032.0661067962646;0
3;Rope;30;18;1;1146.0704803466797;0
3;Rope;30;18;2;1119.9636459350586;0
3;Rope;30;18;3;623.2466697692871;0
3;Rope;30;18;4;784.7239971160889;0
3;Rope;30;18;5;736.1142635345459;0
3;Rope;30;18;6;695.8003044128418;0
3;Rope;30;18;7;823.9483833312988;0
3;Rope;30;18;8;1064.1207695007324;0
3;Rope;30;18;9;1087.9402160644531;0
3;Rope;30;18;10;904.141902923584;0
3;Rope;30;18;11;863.7700080871582;0
3;Rope;30;18;12;1000.1373291015625;0
3;Rope;30;18;13;615.9403324127197;0
3;Rope;30;18;14;1120.1035976409912;0
3;Rope;30;18;15;727.8835773468018;0
3;Rope;90;9;1;793.4365272521973;0
3;Rope;90;9;2;1440.155267715454;0
3;Rope;90;9;3;1087.7690315246582;0
3;Rope;90;9;4;2056.277275085449;1
3;Rope;90;9;5;1567.9872035980225;0
3;Rope;90;9;6;1695.749282836914;0
3;Rope;90;9;7;1479.393482208252;0
3;Rope;90;9;8;1912.7106666564941;0
3;Rope;90;9;9;1488.1212711334229;0
3;Rope;90;9;10;1455.6748867034912;0
3;Rope;90;9;11;2224.059581756592;0
3;Rope;90;9;12;1160.1636409759521;0
3;Rope;90;9;13;943.9709186553955;0
3;Rope;90;9;14;960.0610733032227;0
3;Rope;90;9;15;1616.081714630127;0
3;Rope;90;18;1;1288.8832092285156;0
3;Rope;90;18;2;888.045072555542;0
3;Rope;90;18;3;1127.950668334961;0
3;Rope;90;18;4;744.1606521606445;0
3;Rope;90;18;5;735.8949184417725;0
3;Rope;90;18;6;831.5906524658203;0
3;Rope;90;18;7;960.2096080780029;0
3;Rope;90;18;8;736.2935543060303;0
3;Rope;90;18;9;663.870096206665;0
3;Rope;90;18;10;728.1012535095215;0
3;Rope;90;18;11;663.9771461486816;0
3;Rope;90;18;12;1207.1127891540527;0
3;Rope;90;18;13;960.9522819519043;0
3;Rope;90;18;14;1015.9122943878174;0
3;Rope;90;18;15;1639.843225479126;0
4;Normal;30;9;1;3020.9479331970215;1
4;Normal;30;9;2;1568.0136680603027;0
4;Normal;30;9;3;943.7563419342041;0
4;Normal;30;9;4;1152.1239280700684;0
4;Normal;30;9;5;1096.0042476654053;0
4;Normal;30;9;6;976.099967956543;0
4;Normal;30;9;7;1200.075626373291;0
4;Normal;30;9;8;1079.9779891967773;0
4;Normal;30;9;9;1183.990478515625;0
4;Normal;30;9;10;1679.9299716949463;1
4;Normal;30;9;11;999.7103214263916;0
4;Normal;30;9;12;1096.3668823242188;0
4;Normal;30;9;13;1664.006233215332;1
4;Normal;30;9;14;1703.8531303405762;1
4;Normal;30;9;15;1480.0746440887451;0
4;Normal;30;18;1;1303.8816452026367;0
4;Normal;30;18;2;888.322114944458;0
4;Normal;30;18;3;999.915361404419;0
4;Normal;30;18;4;983.9882850646973;0
4;Normal;30;18;5;864.0396595001221;0
4;Normal;30;18;6;919.9690818786621;0
4;Normal;30;18;7;855.9932708740234;0
4;Normal;30;18;8;992.0282363891602;0
4;Normal;30;18;9;1072.136640548706;0
4;Normal;30;18;10;1080.0132751464844;0
4;Normal;30;18;11;855.8669090270996;0
4;Normal;30;18;12;983.9894771575928;0
4;Normal;30;18;13;999.4418621063232;0
4;Normal;30;18;14;888.5025978088379;0
4;Normal;30;18;15;888.0317211151123;0
4;Normal;90;9;1;1511.3136768341064;0
4;Normal;90;9;2;1481.5709590911865;0
4;Normal;90;9;3;2694.3256855010986;1
4;Normal;90;9;4;2168.1628227233887;0
4;Normal;90;9;5;1480.0066947937012;0
4;Normal;90;9;6;2583.9004516601562;0
4;Normal;90;9;7;1815.6979084014893;0
4;Normal;90;9;8;1112.372636795044;0
4;Normal;90;9;9;2143.953561782837;0
4;Normal;90;9;10;2111.8528842926025;0
4;Normal;90;9;11;2352.1358966827393;0
4;Normal;90;9;12;1872.0026016235352;1
4;Normal;90;9;13;1559.1020584106445;0
4;Normal;90;9;14;1008.6851119995117;0
4;Normal;90;9;15;1704.3569087982178;0
4;Normal;90;18;1;1143.650770187378;0
4;Normal;90;18;2;1247.9684352874756;0
4;Normal;90;18;3;967.9989814758301;0
4;Normal;90;18;4;975.9948253631592;0
4;Normal;90;18;5;1112.027883529663;0
4;Normal;90;18;6;936.1159801483154;0
4;Normal;90;18;7;1023.8327980041504;0
4;Normal;90;18;8;975.9953022003174;0
4;Normal;90;18;9;1320.037603378296;0
4;Normal;90;18;10;1040.0176048278809;0
4;Normal;90;18;11;944.103479385376;0
4;Normal;90;18;12;1503.910779953003;1
4;Normal;90;18;13;1103.9509773254395;0
4;Normal;90;18;14;1208.0364227294922;0
4;Normal;90;18;15;1191.7901039123535;0
4;Bubble;30;9;1;1121.4733123779297;0
4;Bubble;30;9;2;1256.2620639801025;0
4;Bubble;30;9;3;703.9840221405029;0
4;Bubble;30;9;4;711.8942737579346;0
4;Bubble;30;9;5;615.7972812652588;0
4;Bubble;30;9;6;640.3517723083496;0
4;Bubble;30;9;7;623.6255168914795;0
4;Bubble;30;9;8;664.2670631408691;0
4;Bubble;30;9;9;736.1660003662109;0
4;Bubble;30;9;10;1279.8666954040527;0
4;Bubble;30;9;11;695.838451385498;0
4;Bubble;30;9;12;1551.4371395111084;0
4;Bubble;30;9;13;1168.6372756958008;0
4;Bubble;30;9;14;1408.0162048339844;0
4;Bubble;30;9;15;1359.8291873931885;0
4;Bubble;30;18;1;1258.1818103790283;0
4;Bubble;30;18;2;680.0296306610107;0
4;Bubble;30;18;3;624.0272521972656;0
4;Bubble;30;18;4;648.0295658111572;0
4;Bubble;30;18;5;576.0338306427002;0
4;Bubble;30;18;6;751.9872188568115;0
4;Bubble;30;18;7;616.0166263580322;0
4;Bubble;30;18;8;895.0533866882324;0
4;Bubble;30;18;9;848.6640453338623;0
4;Bubble;30;18;10;904.1965007781982;0
4;Bubble;30;18;11;903.9652347564697;0
4;Bubble;30;18;12;776.0410308837891;0
4;Bubble;30;18;13;775.2242088317871;0
4;Bubble;30;18;14;952.7976512908936;0
4;Bubble;30;18;15;759.9587440490723;0
4;Bubble;90;9;1;842.5343036651611;0
4;Bubble;90;9;2;2392.0235633850098;0
4;Bubble;90;9;3;1049.6366024017334;0
4;Bubble;90;9;4;3053.9586544036865;1
4;Bubble;90;9;5;1360.3923320770264;0
4;Bubble;90;9;6;1391.8664455413818;0
4;Bubble;90;9;7;1696.0341930389404;0
4;Bubble;90;9;8;904.0975570678711;0
4;Bubble;90;9;9;1200.0329494476318;0
4;Bubble;90;9;10;1407.8795909881592;0
4;Bubble;90;9;11;1551.928997039795;0
4;Bubble;90;9;12;887.9055976867676;0
4;Bubble;90;9;13;1216.0923480987549;0
4;Bubble;90;9;14;775.8917808532715;0
4;Bubble;90;9;15;2176.293134689331;0
4;Bubble;90;18;1;978.02734375;0
4;Bubble;90;18;2;871.9098567962646;0
4;Bubble;90;18;3;944.0793991088867;0
4;Bubble;90;18;4;728.0821800231934;0
4;Bubble;90;18;5;911.0450744628906;0
4;Bubble;90;18;6;688.887357711792;0
4;Bubble;90;18;7;927.9959201812744;0
4;Bubble;90;18;8;561.8393421173096;0
4;Bubble;90;18;9;790.2336120605469;0
4;Bubble;90;18;10;711.6243839263916;0
4;Bubble;90;18;11;712.3892307281494;0
4;Bubble;90;18;12;751.9781589508057;0
4;Bubble;90;18;13;880.0654411315918;0
4;Bubble;90;18;14;680.0863742828369;0
4;Bubble;90;18;15;1631.8528652191162;0
4;Rope;30;9;1;1001.7423629760742;0
4;Rope;30;9;2;1151.3774394989014;0
4;Rope;30;9;3;712.1021747589111;0
4;Rope;30;9;4;984.5240116119385;0
4;Rope;30;9;5;503.7665367126465;0
4;Rope;30;9;6;552.1931648254395;0
4;Rope;30;9;7;624.1037845611572;0
4;Rope;30;9;8;568.1009292602539;0
4;Rope;30;9;9;599.9002456665039;0
4;Rope;30;9;10;1095.98970413208;0
4;Rope;30;9;11;592.0124053955078;0
4;Rope;30;9;12;1176.100730895996;0
4;Rope;30;9;13;903.9452075958252;0
4;Rope;30;9;14;1175.9939193725586;0
4;Rope;30;9;15;1041.2249565124512;0
4;Rope;30;18;1;963.1915092468262;0
4;Rope;30;18;2;799.8571395874023;0
4;Rope;30;18;3;816.0338401794434;0
4;Rope;30;18;4;639.9872303009033;0
4;Rope;30;18;5;559.960126876831;0
4;Rope;30;18;6;800.0216484069824;0
4;Rope;30;18;7;552.1073341369629;0
4;Rope;30;18;8;791.907787322998;0
4;Rope;30;18;9;896.1358070373535;0
4;Rope;30;18;10;1832.0021629333496;0
4;Rope;30;18;11;511.9948387145996;0
4;Rope;30;18;12;615.8802509307861;0
4;Rope;30;18;13;695.8489418029785;0
4;Rope;30;18;14;968.1272506713867;0
4;Rope;30;18;15;608.0660820007324;0
4;Rope;90;9;1;818.7780380249023;0
4;Rope;90;9;2;1895.9732055664062;0
4;Rope;90;9;3;745.4638481140137;0
4;Rope;90;9;4;1454.5261859893799;0
4;Rope;90;9;5;1527.8120040893555;0
4;Rope;90;9;6;944.3488121032715;0
4;Rope;90;9;7;2071.667432785034;0
4;Rope;90;9;8;1087.4760150909424;0
4;Rope;90;9;9;952.6560306549072;0
4;Rope;90;9;10;960.0305557250977;0
4;Rope;90;9;11;1184.0696334838867;0
4;Rope;90;9;12;639.9681568145752;0
4;Rope;90;9;13;944.0178871154785;0
4;Rope;90;9;14;631.9930553436279;0
4;Rope;90;9;15;1279.9725532531738;0
4;Rope;90;18;1;1010.7250213623047;0
4;Rope;90;18;2;720.1492786407471;0
4;Rope;90;18;3;743.3154582977295;0
4;Rope;90;18;4;696.6133117675781;0
4;Rope;90;18;5;695.7745552062988;0
4;Rope;90;18;6;559.9586963653564;0
4;Rope;90;18;7;760.2212429046631;0
4;Rope;90;18;8;528.2332897186279;0
4;Rope;90;18;9;631.5865516662598;0
4;Rope;90;18;10;792.1767234802246;0
4;Rope;90;18;11;727.9613018035889;0
4;Rope;90;18;12;719.9966907501221;0
4;Rope;90;18;13;744.0519332885742;0
4;Rope;90;18;14;775.904655456543;0
4;Rope;90;18;15;1216.0844802856445;0
4;Normal;30;9;1;2105.9515476226807;1
4;Normal;30;9;2;1576.1070251464844;1
4;Normal;30;9;3;2095.6733226776123;1
4;Normal;30;9;4;1216.3312435150146;0
4;Normal;30;9;5;1031.9256782531738;0
4;Normal;30;9;6;1023.9062309265137;0
4;Normal;30;9;7;1344.2773818969727;0
4;Normal;30;9;8;855.4234504699707;0
4;Normal;30;9;9;816.4689540863037;0
4;Normal;30;9;10;1399.9700546264648;0
4;Normal;30;9;11;1183.9618682861328;0
4;Normal;30;9;12;2056.041955947876;1
4;Normal;30;9;13;1392.127513885498;0
4;Normal;30;9;14;1407.8004360198975;1
4;Normal;30;9;15;2016.3319110870361;0
4;Normal;30;18;1;1051.6412258148193;0
4;Normal;30;18;2;832.085132598877;0
4;Normal;30;18;3;783.8485240936279;0
4;Normal;30;18;4;983.9937686920166;0
4;Normal;30;18;5;728.1482219696045;0
4;Normal;30;18;6;735.9521389007568;0
4;Normal;30;18;7;847.8736877441406;0
4;Normal;30;18;8;968.1723117828369;0
4;Normal;30;18;9;911.5035533905029;0
4;Normal;30;18;10;800.3346920013428;0
4;Normal;30;18;11;831.7179679870605;0
4;Normal;30;18;12;1217.5889015197754;0
4;Normal;30;18;13;782.8080654144287;0
4;Normal;30;18;14;1007.9641342163086;0
4;Normal;30;18;15;807.915210723877;0
4;Normal;90;9;1;1034.501075744629;0
4;Normal;90;9;2;2743.9301013946533;1
4;Normal;90;9;3;2112.0100021362305;1
4;Normal;90;9;4;1184.1323375701904;0
4;Normal;90;9;5;1639.9168968200684;0
4;Normal;90;9;6;2328.094005584717;1
4;Normal;90;9;7;1600.0232696533203;0
4;Normal;90;9;8;2047.9762554168701;0
4;Normal;90;9;9;1776.0252952575684;0
4;Normal;90;9;10;1441.5020942687988;0
4;Normal;90;9;11;2918.5051918029785;1
4;Normal;90;9;12;2248.018980026245;0
4;Normal;90;9;13;1382.9946517944336;0
4;Normal;90;9;14;2072.8824138641357;0
4;Normal;90;9;15;4176.151514053345;2
4;Normal;90;18;1;1257.8091621398926;0
4;Normal;90;18;2;976.1173725128174;0
4;Normal;90;18;3;1007.983922958374;0
4;Normal;90;18;4;943.9942836761475;0
4;Normal;90;18;5;847.9821681976318;0
4;Normal;90;18;6;879.9092769622803;0
4;Normal;90;18;7;904.2143821716309;0
4;Normal;90;18;8;935.8320236206055;0
4;Normal;90;18;9;1079.8332691192627;0
4;Normal;90;18;10;968.2374000549316;0
4;Normal;90;18;11;799.0639209747314;0
4;Normal;90;18;12;1192.8913593292236;0
4;Normal;90;18;13;1321.5856552124023;0
4;Normal;90;18;14;1326.4808654785156;0
4;Normal;90;18;15;1623.8181591033936;0
4;Bubble;30;9;1;1267.5185203552246;0
4;Bubble;30;9;2;1000.2284049987793;0
4;Bubble;30;9;3;647.9525566101074;0
4;Bubble;30;9;4;760.0150108337402;0
4;Bubble;30;9;5;575.9401321411133;0
4;Bubble;30;9;6;639.8885250091553;0
4;Bubble;30;9;7;543.9636707305908;0
4;Bubble;30;9;8;592.0014381408691;0
4;Bubble;30;9;9;600.1551151275635;0
4;Bubble;30;9;10;1080.040454864502;0
4;Bubble;30;9;11;591.1023616790771;0
4;Bubble;30;9;12;824.826717376709;0
4;Bubble;30;9;13;873.1505870819092;0
4;Bubble;30;9;14;902.5185108184814;0
4;Bubble;30;9;15;1120.2671527862549;0
4;Bubble;30;18;1;1059.6749782562256;0
4;Bubble;30;18;2;639.9736404418945;0
4;Bubble;30;18;3;624.098539352417;0
4;Bubble;30;18;4;519.8945999145508;0
4;Bubble;30;18;5;488.1279468536377;0
4;Bubble;30;18;6;479.88200187683105;0
4;Bubble;30;18;7;472.1226692199707;0
4;Bubble;30;18;8;815.8421516418457;0
4;Bubble;30;18;9;760.0691318511963;0
4;Bubble;30;18;10;608.0999374389648;0
4;Bubble;30;18;11;903.8410186767578;0
4;Bubble;30;18;12;816.0111904144287;0
4;Bubble;30;18;13;608.2229614257812;0
4;Bubble;30;18;14;936.668872833252;0
4;Bubble;30;18;15;623.3522891998291;0
4;Bubble;90;9;1;968.6791896820068;0
4;Bubble;90;9;2;1215.503215789795;0
4;Bubble;90;9;3;944.603681564331;0
4;Bubble;90;9;4;1247.8713989257812;0
4;Bubble;90;9;5;1280.0681591033936;0
4;Bubble;90;9;6;1327.9588222503662;0
4;Bubble;90;9;7;1352.083444595337;0
4;Bubble;90;9;8;1615.7190799713135;0
4;Bubble;90;9;9;1504.2023658752441;0
4;Bubble;90;9;10;1127.9830932617188;0
4;Bubble;90;9;11;1712.0013236999512;0
4;Bubble;90;9;12;760.0507736206055;0
4;Bubble;90;9;13;1240.0457859039307;0
4;Bubble;90;9;14;735.9306812286377;0
4;Bubble;90;9;15;1095.9980487823486;0
4;Bubble;90;18;1;922.9607582092285;0
4;Bubble;90;18;2;815.8299922943115;0
4;Bubble;90;18;3;783.8492393493652;0
4;Bubble;90;18;4;649.9063968658447;0
4;Bubble;90;18;5;1088.029146194458;0
4;Bubble;90;18;6;829.9887180328369;0
4;Bubble;90;18;7;952.0041942596436;0
4;Bubble;90;18;8;591.9041633605957;0
4;Bubble;90;18;9;736.1655235290527;0
4;Bubble;90;18;10;743.8657283782959;0
4;Bubble;90;18;11;951.524019241333;0
4;Bubble;90;18;12;712.723970413208;0
4;Bubble;90;18;13;839.8900032043457;0
4;Bubble;90;18;14;832.148551940918;0
4;Bubble;90;18;15;1489.7449016571045;1
4;Rope;30;9;1;1088.7813568115234;0
4;Rope;30;9;2;1368.995189666748;0
4;Rope;30;9;3;728.0008792877197;0
4;Rope;30;9;4;991.7886257171631;0
4;Rope;30;9;5;576.012134552002;0
4;Rope;30;9;6;559.9908828735352;0
4;Rope;30;9;7;608.0207824707031;0
4;Rope;30;9;8;704.0174007415771;0
4;Rope;30;9;9;599.9763011932373;0
4;Rope;30;9;10;1239.9699687957764;0
4;Rope;30;9;11;744.140625;0
4;Rope;30;9;12;1111.375093460083;0
4;Rope;30;9;13;1136.3475322723389;0
4;Rope;30;9;14;920.1207160949707;0
4;Rope;30;9;15;1057.2750568389893;0
4;Rope;30;18;1;866.9097423553467;0
4;Rope;30;18;2;840.3193950653076;0
4;Rope;30;18;3;535.7434749603271;0
4;Rope;30;18;4;535.9039306640625;0
4;Rope;30;18;5;440.1388168334961;0
4;Rope;30;18;6;632.0676803588867;0
4;Rope;30;18;7;423.7256050109863;0
4;Rope;30;18;8;680.3321838378906;0
4;Rope;30;18;9;791.9003963470459;0
4;Rope;30;18;10;447.91293144226074;0
4;Rope;30;18;11;471.99153900146484;0
4;Rope;30;18;12;543.9152717590332;0
4;Rope;30;18;13;568.2156085968018;0
4;Rope;30;18;14;825.272798538208;0
4;Rope;30;18;15;542.6516532897949;0
4;Rope;90;9;1;1115.3225898742676;0
4;Rope;90;9;2;1272.5908756256104;0
4;Rope;90;9;3;1023.8447189331055;0
4;Rope;90;9;4;1512.265920639038;0
4;Rope;90;9;5;1784.0244770050049;0
4;Rope;90;9;6;1600.0163555145264;0
4;Rope;90;9;7;1255.9142112731934;0
4;Rope;90;9;8;1231.9464683532715;0
4;Rope;90;9;9;1023.9348411560059;0
4;Rope;90;9;10;1472.0818996429443;0
4;Rope;90;9;11;1256.0102939605713;0
4;Rope;90;9;12;879.9831867218018;0
4;Rope;90;9;13;823.8625526428223;0
4;Rope;90;9;14;712.2659683227539;0
4;Rope;90;9;15;1208.0438137054443;0
4;Rope;90;18;1;843.1239128112793;0
4;Rope;90;18;2;672.217845916748;0
4;Rope;90;18;3;696.0692405700684;0
4;Rope;90;18;4;759.9196434020996;0
4;Rope;90;18;5;879.9808025360107;0
4;Rope;90;18;6;856.0202121734619;0
4;Rope;90;18;7;736.0250949859619;0
4;Rope;90;18;8;608.1411838531494;0
4;Rope;90;18;9;839.8227691650391;0
4;Rope;90;18;10;704.9996852874756;0
4;Rope;90;18;11;615.0557994842529;0
4;Rope;90;18;12;799.9696731567383;0
4;Rope;90;18;13;888.0720138549805;0
4;Rope;90;18;14;823.9092826843262;0
4;Rope;90;18;15;1840.0201797485352;0
